/*M!999999\- enable the sandbox mode */ 

-- MariaDB dump 10.19-12.1.2-MariaDB, for osx10.19 (arm64)
--
-- Host: 127.0.0.1    Database: hotel
-- ------------------------------------------------------
-- Server version	12.0.2-MariaDB-ubu2404

/*!40101 SET @OLD_CHARACTER_SET_CLIENT=@@CHARACTER_SET_CLIENT */;
/*!40101 SET @OLD_CHARACTER_SET_RESULTS=@@CHARACTER_SET_RESULTS */;
/*!40101 SET @OLD_COLLATION_CONNECTION=@@COLLATION_CONNECTION */;
/*!40101 SET NAMES utf8mb4 */;
/*!40103 SET @OLD_TIME_ZONE=@@TIME_ZONE */;
/*!40103 SET TIME_ZONE='+00:00' */;
/*!40014 SET @OLD_UNIQUE_CHECKS=@@UNIQUE_CHECKS, UNIQUE_CHECKS=0 */;
/*!40014 SET @OLD_FOREIGN_KEY_CHECKS=@@FOREIGN_KEY_CHECKS, FOREIGN_KEY_CHECKS=0 */;
/*!40101 SET @OLD_SQL_MODE=@@SQL_MODE, SQL_MODE='NO_AUTO_VALUE_ON_ZERO' */;
/*M!100616 SET @OLD_NOTE_VERBOSITY=@@NOTE_VERBOSITY, NOTE_VERBOSITY=0 */;

--
-- Table structure for table `book_mark`
--

use hotel;

DROP TABLE IF EXISTS `book_mark`;
/*!40101 SET @saved_cs_client     = @@character_set_client */;
/*!40101 SET character_set_client = utf8mb4 */;
CREATE TABLE `book_mark` (
  `bookmark_id` bigint(20) NOT NULL AUTO_INCREMENT,
  `created_at` datetime(6) DEFAULT NULL,
  `updated_at` datetime(6) DEFAULT NULL,
  `hotel_id` bigint(20) DEFAULT NULL,
  `user_id` bigint(20) DEFAULT NULL,
  PRIMARY KEY (`bookmark_id`),
  UNIQUE KEY `UKq5yryuy00nw9onbl1seb3fdjr` (`hotel_id`),
  UNIQUE KEY `UKlwjcdbijh6xw3pybom5pl6obg` (`user_id`),
  CONSTRAINT `FK7xrgl91nf29rqhyy5ijm45ks1` FOREIGN KEY (`hotel_id`) REFERENCES `hotel` (`hotel_id`),
  CONSTRAINT `FKtg5yr81hxe59aiaotkf76qd4v` FOREIGN KEY (`user_id`) REFERENCES `user` (`user_id`)
) ENGINE=InnoDB DEFAULT CHARSET=utf8mb4 COLLATE=utf8mb4_uca1400_ai_ci;
/*!40101 SET character_set_client = @saved_cs_client */;

--
-- Dumping data for table `book_mark`
--

LOCK TABLES `book_mark` WRITE;
/*!40000 ALTER TABLE `book_mark` DISABLE KEYS */;
set autocommit=0;
/*!40000 ALTER TABLE `book_mark` ENABLE KEYS */;
UNLOCK TABLES;
commit;

--
-- Table structure for table `facility`
--

DROP TABLE IF EXISTS `facility`;
/*!40101 SET @saved_cs_client     = @@character_set_client */;
/*!40101 SET character_set_client = utf8mb4 */;
CREATE TABLE `facility` (
  `id` bigint(20) NOT NULL AUTO_INCREMENT,
  `created_at` datetime(6) DEFAULT NULL,
  `service_detail` varchar(100) DEFAULT NULL,
  `service_name` varchar(50) NOT NULL,
  `updated_at` datetime(6) DEFAULT NULL,
  `hotel_id` bigint(20) DEFAULT NULL,
  PRIMARY KEY (`id`),
  UNIQUE KEY `UKhhjdlycvyxntowbcw63jef5us` (`service_name`),
  KEY `FKhq9mmunb5h9jqmq0mw7gpgub3` (`hotel_id`),
  CONSTRAINT `FKhq9mmunb5h9jqmq0mw7gpgub3` FOREIGN KEY (`hotel_id`) REFERENCES `hotel` (`hotel_id`)
) ENGINE=InnoDB AUTO_INCREMENT=4 DEFAULT CHARSET=utf8mb4 COLLATE=utf8mb4_uca1400_ai_ci;
/*!40101 SET character_set_client = @saved_cs_client */;

--
-- Dumping data for table `facility`
--

LOCK TABLES `facility` WRITE;
/*!40000 ALTER TABLE `facility` DISABLE KEYS */;
set autocommit=0;
INSERT INTO `facility` VALUES
(1,NULL,'시원한 수영','수영장',NULL,NULL),
(3,'2026-02-03 14:08:56.000000','시원한 수영','수영장2','2026-02-03 14:08:56.000000',1);
/*!40000 ALTER TABLE `facility` ENABLE KEYS */;
UNLOCK TABLES;
commit;

--
-- Table structure for table `hotel`
--

DROP TABLE IF EXISTS `hotel`;
/*!40101 SET @saved_cs_client     = @@character_set_client */;
/*!40101 SET character_set_client = utf8mb4 */;
CREATE TABLE `hotel` (
  `hotel_id` bigint(20) NOT NULL AUTO_INCREMENT,
  `business_number` varchar(20) NOT NULL,
  `created_at` datetime(6) DEFAULT NULL,
  `latitude` double NOT NULL,
  `location` varchar(20) NOT NULL,
  `longitude` double NOT NULL,
  `name` varchar(20) NOT NULL,
  `owner` varchar(20) NOT NULL,
  `region` varchar(20) NOT NULL,
  `regist_number` varchar(20) NOT NULL,
  `tel` varchar(20) NOT NULL,
  `updated_at` datetime(6) DEFAULT NULL,
  `hotel_type` tinyint(4) NOT NULL CHECK (`hotel_type` between 0 and 2),
  PRIMARY KEY (`hotel_id`),
  UNIQUE KEY `UKc9q3faox303q2qnl5eiu3ikl8` (`business_number`)
) ENGINE=InnoDB AUTO_INCREMENT=33 DEFAULT CHARSET=utf8mb4 COLLATE=utf8mb4_uca1400_ai_ci;
/*!40101 SET character_set_client = @saved_cs_client */;

--
-- Dumping data for table `hotel`
--

LOCK TABLES `hotel` WRITE;
/*!40000 ALTER TABLE `hotel` DISABLE KEYS */;
set autocommit=0;
INSERT INTO `hotel` VALUES
(1,'3057117732','2025-11-18 12:36:23.914440',37.50528871965356,'서울시 강남구 1번지',127.02784129683738,'강남구 호텔 1','소유자1','강남구','486856842833176','02-0001','2025-11-18 12:36:23.914440',0),
(2,'1292611655','2025-11-18 12:36:23.935180',37.57853757835159,'서울시 종로구 2번지',126.99622680676785,'종로구 호텔 1','소유자2','종로구','608598670671975','02-0002','2025-11-18 12:36:23.935180',0),
(3,'3125777264','2025-11-30 14:47:42.554434',37.504809823246696,'서울시 강남구 1번지',127.02888338329039,'강남구 호텔 1','소유자1','강남구','265971651300181','02-0001','2025-11-30 14:47:42.554434',0),
(4,'2098653001','2025-11-30 14:47:42.575806',37.57868531973324,'서울시 종로구 2번지',126.99176860693777,'종로구 호텔 1','소유자2','종로구','905877021613574','02-0002','2025-11-30 14:47:42.575806',0),
(5,'8171424352','2025-11-30 14:47:42.577215',37.55597940427765,'서울시 마포구 3번지',126.931655401094,'마포구 호텔 1','소유자3','마포구','271086885693793','02-0003','2025-11-30 14:47:42.577215',0),
(6,'9565288680','2025-11-30 14:47:42.579288',37.487793032195704,'서울시 서초구 4번지',127.01763056828136,'서초구 호텔 1','소유자4','서초구','561450113390037','02-0004','2025-11-30 14:47:42.579288',0),
(7,'8263615105','2025-11-30 14:47:42.580259',37.56519003667589,'서울시 중구 5번지',126.97356969179725,'중구 호텔 1','소유자5','중구','179483804945644','02-0005','2025-11-30 14:47:42.580259',0),
(8,'7537668928','2025-11-30 14:47:42.581136',37.54538472070233,'서울시 강동구 6번지',127.14761628207991,'강동구 호텔 1','소유자6','강동구','600362269596842','02-0006','2025-11-30 14:47:42.581136',0),
(9,'6529868694','2025-11-30 14:47:42.584345',37.57138610505387,'서울시 강서구 7번지',126.83699815287005,'강서구 호텔 1','소유자7','강서구','263728748922136','02-0007','2025-11-30 14:47:42.584345',0),
(10,'3186896916','2025-11-30 14:47:42.586008',37.66111378616686,'서울시 노원구 8번지',127.0770374920075,'노원구 호텔 1','소유자8','노원구','331033524809687','02-0008','2025-11-30 14:47:42.586008',0),
(11,'3256739516','2025-11-30 14:47:42.587302',37.67155791239859,'서울시 도봉구 9번지',127.03888196827913,'도봉구 호텔 1','소유자9','도봉구','181195908899275','02-0009','2025-11-30 14:47:42.587302',0),
(12,'1875581652','2025-11-30 14:47:42.588303',37.6244513190674,'서울시 성북구 10번지',126.98559386697441,'성북구 호텔 1','소유자10','성북구','324520071850160','02-0010','2025-11-30 14:47:42.588303',0),
(13,'6793053645','2025-11-30 14:47:52.866981',37.505640630866836,'서울시 강남구 1번지',127.03287302524602,'강남구 호텔 1','소유자1','강남구','977130212146667','02-0001','2025-11-30 14:47:52.866981',1),
(14,'1977487741','2025-11-30 14:47:52.887926',37.57624392701966,'서울시 종로구 2번지',126.99594054925002,'종로구 호텔 1','소유자2','종로구','198168611110949','02-0002','2025-11-30 14:47:52.887926',1),
(15,'5435816782','2025-11-30 14:47:52.889094',37.5540687019618,'서울시 마포구 3번지',126.92800774441326,'마포구 호텔 1','소유자3','마포구','729763049363200','02-0003','2025-11-30 14:47:52.889094',1),
(16,'1195981860','2025-11-30 14:47:52.890019',37.491870651673246,'서울시 서초구 4번지',127.02518014984514,'서초구 호텔 1','소유자4','서초구','250396952435276','02-0004','2025-11-30 14:47:52.890019',1),
(17,'9091766636','2025-11-30 14:47:52.890843',37.567845846570485,'서울시 중구 5번지',126.9737115433484,'중구 호텔 1','소유자5','중구','583416103005063','02-0005','2025-11-30 14:47:52.890843',1),
(18,'8264548375','2025-11-30 14:47:52.891650',37.54565705096416,'서울시 강동구 6번지',127.14400486045074,'강동구 호텔 1','소유자6','강동구','248218644229981','02-0006','2025-11-30 14:47:52.891650',1),
(19,'3495121698','2025-11-30 14:47:52.892593',37.56542014998105,'서울시 강서구 7번지',126.83564945879971,'강서구 호텔 1','소유자7','강서구','284269316485940','02-0007','2025-11-30 14:47:52.892593',1),
(20,'9328362587','2025-11-30 14:47:52.893383',37.65929423289801,'서울시 노원구 8번지',127.07855271561758,'노원구 호텔 1','소유자8','노원구','444304438282341','02-0008','2025-11-30 14:47:52.893383',1),
(21,'9757921012','2025-11-30 14:47:52.894324',37.670326505600414,'서울시 도봉구 9번지',127.04134002650068,'도봉구 호텔 1','소유자9','도봉구','314260973315545','02-0009','2025-11-30 14:47:52.894324',1),
(22,'3348955158','2025-11-30 14:47:52.895074',37.626531236191916,'서울시 성북구 10번지',126.98790640224658,'성북구 호텔 1','소유자10','성북구','199689492853168','02-0010','2025-11-30 14:47:52.895074',1),
(23,'4676480627','2025-11-30 14:49:11.400881',37.50545791019224,'서울시 강남구 1번지',127.03375471954976,'강남구 호텔 1','소유자1','강남구','405837576055681','02-0001','2025-11-30 14:49:11.400881',1),
(24,'6142331376','2025-11-30 14:49:11.423611',37.575538539833616,'서울시 종로구 2번지',126.99708385799974,'종로구 호텔 1','소유자2','종로구','113102942121160','02-0002','2025-11-30 14:49:11.423611',1),
(25,'3909303276','2025-11-30 14:49:11.424884',37.55667121366733,'서울시 마포구 3번지',126.925956649881,'마포구 호텔 1','소유자3','마포구','999093923553180','02-0003','2025-11-30 14:49:11.424884',1),
(26,'9244670373','2025-11-30 14:49:11.425747',37.49107932660707,'서울시 서초구 4번지',127.01866473227724,'서초구 호텔 1','소유자4','서초구','898178935073734','02-0004','2025-11-30 14:49:11.425747',1),
(27,'1133814649','2025-11-30 14:49:11.426565',37.56705960922333,'서울시 중구 5번지',126.97586224219819,'중구 호텔 1','소유자5','중구','658594895054200','02-0005','2025-11-30 14:49:11.426565',1),
(28,'3991547218','2025-11-30 14:49:11.427976',37.54734809161884,'서울시 강동구 6번지',127.14665450399877,'강동구 호텔 1','소유자6','강동구','216427538588270','02-0006','2025-11-30 14:49:11.427976',1),
(29,'1510242744','2025-11-30 14:49:11.428810',37.570443177968244,'서울시 강서구 7번지',126.83873880505496,'강서구 호텔 1','소유자7','강서구','718810076922475','02-0007','2025-11-30 14:49:11.428810',1),
(30,'8607135686','2025-11-30 14:49:11.429654',37.66249450713651,'서울시 노원구 8번지',127.07671614266984,'노원구 호텔 1','소유자8','노원구','264364268691580','02-0008','2025-11-30 14:49:11.429654',1),
(31,'8420501599','2025-11-30 14:49:11.430956',37.66768115032861,'서울시 도봉구 9번지',127.0386327495074,'도봉구 호텔 1','소유자9','도봉구','523402481000231','02-0009','2025-11-30 14:49:11.430956',1),
(32,'3859173048','2025-11-30 14:49:11.431843',37.62489774204172,'서울시 성북구 10번지',126.98761858254227,'성북구 호텔 1','소유자10','성북구','760181110328357','02-0010','2025-11-30 14:49:11.431843',1);
/*!40000 ALTER TABLE `hotel` ENABLE KEYS */;
UNLOCK TABLES;
commit;

--
-- Table structure for table `hotel_facility`
--

DROP TABLE IF EXISTS `hotel_facility`;
/*!40101 SET @saved_cs_client     = @@character_set_client */;
/*!40101 SET character_set_client = utf8mb4 */;
CREATE TABLE `hotel_facility` (
  `hfid` bigint(20) NOT NULL AUTO_INCREMENT,
  `is_free` bit(1) NOT NULL,
  `price` int(11) NOT NULL,
  `facility_id` bigint(20) DEFAULT NULL,
  `hotel_hotel_id` bigint(20) DEFAULT NULL,
  PRIMARY KEY (`hfid`),
  KEY `FK2kh8p1kmqv9m5d62cxsxwrauu` (`facility_id`),
  KEY `FKan1nakxirbkurdw1b70c4wi28` (`hotel_hotel_id`),
  CONSTRAINT `FK2kh8p1kmqv9m5d62cxsxwrauu` FOREIGN KEY (`facility_id`) REFERENCES `facility` (`id`),
  CONSTRAINT `FKan1nakxirbkurdw1b70c4wi28` FOREIGN KEY (`hotel_hotel_id`) REFERENCES `hotel` (`hotel_id`)
) ENGINE=InnoDB AUTO_INCREMENT=2 DEFAULT CHARSET=utf8mb4 COLLATE=utf8mb4_uca1400_ai_ci;
/*!40101 SET character_set_client = @saved_cs_client */;

--
-- Dumping data for table `hotel_facility`
--

LOCK TABLES `hotel_facility` WRITE;
/*!40000 ALTER TABLE `hotel_facility` DISABLE KEYS */;
set autocommit=0;
INSERT INTO `hotel_facility` VALUES
(1,0x00,10000,1,1);
/*!40000 ALTER TABLE `hotel_facility` ENABLE KEYS */;
UNLOCK TABLES;
commit;

--
-- Table structure for table `hotel_picture`
--

DROP TABLE IF EXISTS `hotel_picture`;
/*!40101 SET @saved_cs_client     = @@character_set_client */;
/*!40101 SET character_set_client = utf8mb4 */;
CREATE TABLE `hotel_picture` (
  `hotel_picture_id` bigint(20) NOT NULL AUTO_INCREMENT,
  `created_at` timestamp NULL DEFAULT NULL,
  `picutre_name` varchar(100) NOT NULL,
  `picutre_url` varchar(200) DEFAULT NULL,
  `updated_at` timestamp NULL DEFAULT NULL,
  `hotel_id` bigint(20) DEFAULT NULL,
  `picture_url` varchar(200) DEFAULT NULL,
  PRIMARY KEY (`hotel_picture_id`),
  UNIQUE KEY `UKfrdllr7amrr7u0y3183sdvl9x` (`picutre_name`),
  KEY `FKd0sjadfwgm6msuigixsvrqw6d` (`hotel_id`),
  CONSTRAINT `FKd0sjadfwgm6msuigixsvrqw6d` FOREIGN KEY (`hotel_id`) REFERENCES `hotel` (`hotel_id`)
) ENGINE=InnoDB DEFAULT CHARSET=utf8mb4 COLLATE=utf8mb4_uca1400_ai_ci;
/*!40101 SET character_set_client = @saved_cs_client */;

--
-- Dumping data for table `hotel_picture`
--

LOCK TABLES `hotel_picture` WRITE;
/*!40000 ALTER TABLE `hotel_picture` DISABLE KEYS */;
set autocommit=0;
/*!40000 ALTER TABLE `hotel_picture` ENABLE KEYS */;
UNLOCK TABLES;
commit;

--
-- Table structure for table `notice`
--

DROP TABLE IF EXISTS `notice`;
/*!40101 SET @saved_cs_client     = @@character_set_client */;
/*!40101 SET character_set_client = utf8mb4 */;
CREATE TABLE `notice` (
  `notice_id` bigint(20) NOT NULL AUTO_INCREMENT,
  `content` varchar(100) NOT NULL,
  `created_at` datetime(6) DEFAULT NULL,
  `introduction` varchar(100) NOT NULL,
  `updated_at` datetime(6) DEFAULT NULL,
  `usage_guide` varchar(100) NOT NULL,
  `own_hotel_id` bigint(20) DEFAULT NULL,
  PRIMARY KEY (`notice_id`),
  KEY `FKb9a4ppuq1nm3ems0dchsgaxti` (`own_hotel_id`),
  CONSTRAINT `FKb9a4ppuq1nm3ems0dchsgaxti` FOREIGN KEY (`own_hotel_id`) REFERENCES `own_hotel` (`own_hotel_id`)
) ENGINE=InnoDB DEFAULT CHARSET=utf8mb4 COLLATE=utf8mb4_uca1400_ai_ci;
/*!40101 SET character_set_client = @saved_cs_client */;

--
-- Dumping data for table `notice`
--

LOCK TABLES `notice` WRITE;
/*!40000 ALTER TABLE `notice` DISABLE KEYS */;
set autocommit=0;
/*!40000 ALTER TABLE `notice` ENABLE KEYS */;
UNLOCK TABLES;
commit;

--
-- Table structure for table `own_hotel`
--

DROP TABLE IF EXISTS `own_hotel`;
/*!40101 SET @saved_cs_client     = @@character_set_client */;
/*!40101 SET character_set_client = utf8mb4 */;
CREATE TABLE `own_hotel` (
  `own_hotel_id` bigint(20) NOT NULL AUTO_INCREMENT,
  `check_in_time` time DEFAULT NULL,
  `check_out_time` time DEFAULT NULL,
  `count_room` int(10) unsigned NOT NULL,
  `created_at` datetime(6) DEFAULT NULL,
  `max_person` int(10) unsigned DEFAULT NULL,
  `min_person` int(10) unsigned DEFAULT NULL,
  `price` bigint(20) unsigned DEFAULT NULL,
  `room_name` varchar(100) DEFAULT NULL,
  `room_type` varchar(50) DEFAULT NULL,
  `updated_at` datetime(6) DEFAULT NULL,
  `hotel_id` bigint(20) DEFAULT NULL,
  `owner_discount` double DEFAULT NULL,
  `platform_discount` double DEFAULT NULL,
  PRIMARY KEY (`own_hotel_id`),
  KEY `FKrpkog6kcxyuhgccjo973qpiel` (`hotel_id`),
  CONSTRAINT `FKrpkog6kcxyuhgccjo973qpiel` FOREIGN KEY (`hotel_id`) REFERENCES `hotel` (`hotel_id`)
) ENGINE=InnoDB AUTO_INCREMENT=741 DEFAULT CHARSET=utf8mb4 COLLATE=utf8mb4_uca1400_ai_ci;
/*!40101 SET character_set_client = @saved_cs_client */;

--
-- Dumping data for table `own_hotel`
--

LOCK TABLES `own_hotel` WRITE;
/*!40000 ALTER TABLE `own_hotel` DISABLE KEYS */;
set autocommit=0;
INSERT INTO `own_hotel` VALUES
(1,'15:00:00','11:00:00',10,'2025-11-18 12:38:02.444999',2,1,100000,'Standard Room with 1 double bed','스탠다드','2025-11-18 12:38:02.444999',1,10,5),
(2,'15:00:00','11:00:00',3,'2025-11-18 21:22:20.564477',2,1,100000,'Family Size Room','패밀리','2025-11-18 21:22:20.564477',1,10,5),
(3,'15:00:00','11:00:00',3,'2025-11-18 21:22:48.933806',2,1,100000,'Family Size Room','패밀리','2025-11-18 21:22:48.933806',1,10,5),
(4,'15:00:00','11:00:00',2,'2025-11-22 22:43:18.433923',2,1,100000,'Single Size Room','싱글','2025-11-22 22:43:18.433923',1,10,5),
(5,'15:00:00','11:00:00',1,'2025-11-30 15:35:51.688338',2,1,159000,'디럭스 트윈룸','싱글룸','2025-11-30 15:35:51.688338',1,10,5),
(6,'15:00:00','11:00:00',2,'2025-11-30 15:35:51.709292',2,1,200000,'시티뷰 스위트','더블룸','2025-11-30 15:35:51.709292',2,10,5),
(7,'15:00:00','11:00:00',4,'2025-11-30 15:35:51.712041',2,1,190000,'오션 브리즈룸','트윈룸','2025-11-30 15:35:51.712041',3,10,5),
(8,'15:00:00','11:00:00',5,'2025-11-30 15:35:51.713952',2,1,120000,'프리미엄 킹룸','트리플룸','2025-11-30 15:35:51.713952',4,10,5),
(9,'15:00:00','11:00:00',10,'2025-11-30 15:35:51.715720',2,1,89000,'가든뷰 더블룸','패밀리룸','2025-11-30 15:35:51.715720',5,10,5),
(10,'15:00:00','11:00:00',1,'2025-11-30 15:35:51.718482',2,1,234000,'마운틴뷰 스위트','디럭스룸','2025-11-30 15:35:51.718482',6,10,5),
(11,'15:00:00','11:00:00',2,'2025-11-30 15:35:51.720057',2,1,256000,'이그제큐티브 퀸룸','슈페리어룸','2025-11-30 15:35:51.720057',7,10,5),
(12,'15:00:00','11:00:00',4,'2025-11-30 15:35:51.721816',2,1,159000,'로열 패밀리 스위트','프리미엄룸','2025-11-30 15:35:51.721816',8,10,5),
(13,'15:00:00','11:00:00',5,'2025-11-30 15:35:51.723950',2,1,200000,'클래식 싱글룸','스위트룸','2025-11-30 15:35:51.723950',9,10,5),
(14,'15:00:00','11:00:00',10,'2025-11-30 15:35:51.725685',2,1,190000,'슈페리어 트윈 디럭스','주니어 스위트','2025-11-30 15:35:51.725685',10,10,5),
(15,'15:00:00','11:00:00',1,'2025-11-30 15:35:51.727376',2,1,120000,'스카이라인 파노라마 스위트','프레지덴셜 스위트','2025-11-30 15:35:51.727376',11,10,5),
(16,'15:00:00','11:00:00',2,'2025-11-30 15:35:51.729507',2,1,89000,'코지 코너룸','온돌룸','2025-11-30 15:35:51.729507',12,10,5),
(17,'15:00:00','11:00:00',4,'2025-11-30 15:35:51.730980',2,1,234000,'헤리티지 킹 스위트','한실','2025-11-30 15:35:51.730980',13,10,5),
(18,'15:00:00','11:00:00',5,'2025-11-30 15:35:51.732645',2,1,256000,'비즈니스 스튜디오룸','로프트룸','2025-11-30 15:35:51.732645',14,10,5),
(19,'15:00:00','11:00:00',10,'2025-11-30 15:35:51.734274',2,1,159000,'선셋뷰 퀸룸','스탠다드룸','2025-11-30 15:35:51.734274',15,10,5),
(20,'15:00:00','11:00:00',1,'2025-11-30 15:35:51.736539',2,1,200000,'모던 로프트룸','파노라마룸','2025-11-30 15:35:51.736539',16,10,5),
(21,'15:00:00','11:00:00',2,'2025-11-30 15:35:51.738378',2,1,190000,'럭셔리 프레지덴셜 스위트','오션뷰룸','2025-11-30 15:35:51.738378',17,10,5),
(22,'15:00:00','11:00:00',4,'2025-11-30 15:35:51.740066',2,1,120000,'어반 컴포트 더블룸','시티뷰룸','2025-11-30 15:35:51.740066',18,10,5),
(23,'15:00:00','11:00:00',5,'2025-11-30 15:35:51.742101',2,1,89000,'호라이즌뷰 킹룸','가든뷰룸','2025-11-30 15:35:51.742101',19,10,5),
(24,'15:00:00','11:00:00',10,'2025-11-30 15:35:51.744054',2,1,234000,'패밀리 디럭스룸','마운틴뷰룸','2025-11-30 15:35:51.744054',20,10,5),
(25,'15:00:00','11:00:00',1,'2025-11-30 15:35:51.746143',2,1,256000,'엘레강트 슈페리어룸','싱글룸','2025-11-30 15:35:51.746143',21,10,5),
(26,'15:00:00','11:00:00',2,'2025-11-30 15:35:51.747621',2,1,159000,'리버사이드 파노라마 스위트','더블룸','2025-11-30 15:35:51.747621',22,10,5),
(27,'15:00:00','11:00:00',4,'2025-11-30 15:35:51.748967',2,1,200000,'컴포트 트윈 스탠다드','트윈룸','2025-11-30 15:35:51.748967',23,10,5),
(28,'15:00:00','11:00:00',5,'2025-11-30 15:35:51.750529',2,1,190000,'플라자뷰 킹룸','트리플룸','2025-11-30 15:35:51.750529',24,10,5),
(29,'15:00:00','11:00:00',10,'2025-11-30 15:35:51.752156',2,1,120000,'트랜퀼 가든 스위트','패밀리룸','2025-11-30 15:35:51.752156',25,10,5),
(30,'15:00:00','11:00:00',1,'2025-11-30 15:35:51.754217',2,1,89000,'디럭스 트윈룸','디럭스룸','2025-11-30 15:35:51.754217',26,10,5),
(31,'15:00:00','11:00:00',2,'2025-11-30 15:35:51.755624',2,1,234000,'시티뷰 스위트','슈페리어룸','2025-11-30 15:35:51.755624',27,10,5),
(32,'15:00:00','11:00:00',4,'2025-11-30 15:35:51.756720',2,1,256000,'오션 브리즈룸','프리미엄룸','2025-11-30 15:35:51.756720',28,10,5),
(33,'15:00:00','11:00:00',5,'2025-11-30 15:35:51.757900',2,1,159000,'프리미엄 킹룸','스위트룸','2025-11-30 15:35:51.757900',29,10,5),
(34,'15:00:00','11:00:00',10,'2025-11-30 15:35:51.759065',2,1,200000,'가든뷰 더블룸','주니어 스위트','2025-11-30 15:35:51.759065',30,10,5),
(35,'15:00:00','11:00:00',1,'2025-11-30 15:35:51.760490',2,1,190000,'마운틴뷰 스위트','프레지덴셜 스위트','2025-11-30 15:35:51.760490',31,10,5),
(36,'15:00:00','11:00:00',2,'2025-11-30 15:35:51.762237',2,1,120000,'이그제큐티브 퀸룸','온돌룸','2025-11-30 15:35:51.762237',32,10,5),
(37,'15:00:00','11:00:00',1,'2025-11-30 15:37:13.876647',2,1,159000,'디럭스 트윈룸','싱글룸','2025-11-30 15:37:13.876647',1,10,5),
(38,'15:00:00','11:00:00',2,'2025-11-30 15:37:13.893021',2,1,200000,'시티뷰 스위트','더블룸','2025-11-30 15:37:13.893021',2,10,5),
(39,'15:00:00','11:00:00',4,'2025-11-30 15:37:13.894703',2,1,190000,'오션 브리즈룸','트윈룸','2025-11-30 15:37:13.894703',3,10,5),
(40,'15:00:00','11:00:00',5,'2025-11-30 15:37:13.895708',2,1,120000,'프리미엄 킹룸','트리플룸','2025-11-30 15:37:13.895708',4,10,5),
(41,'15:00:00','11:00:00',10,'2025-11-30 15:37:13.896708',2,1,89000,'가든뷰 더블룸','패밀리룸','2025-11-30 15:37:13.896708',5,10,5),
(42,'15:00:00','11:00:00',1,'2025-11-30 15:37:13.897862',2,1,234000,'마운틴뷰 스위트','디럭스룸','2025-11-30 15:37:13.897862',6,10,5),
(43,'15:00:00','11:00:00',2,'2025-11-30 15:37:13.898898',2,1,256000,'이그제큐티브 퀸룸','슈페리어룸','2025-11-30 15:37:13.898898',7,10,5),
(44,'15:00:00','11:00:00',4,'2025-11-30 15:37:13.901400',2,1,159000,'로열 패밀리 스위트','프리미엄룸','2025-11-30 15:37:13.901400',8,10,5),
(45,'15:00:00','11:00:00',5,'2025-11-30 15:37:13.902653',2,1,200000,'클래식 싱글룸','스위트룸','2025-11-30 15:37:13.902653',9,10,5),
(46,'15:00:00','11:00:00',10,'2025-11-30 15:37:13.903815',2,1,190000,'슈페리어 트윈 디럭스','주니어 스위트','2025-11-30 15:37:13.903815',10,10,5),
(47,'15:00:00','11:00:00',1,'2025-11-30 15:37:13.904744',2,1,120000,'스카이라인 파노라마 스위트','프레지덴셜 스위트','2025-11-30 15:37:13.904744',11,10,5),
(48,'15:00:00','11:00:00',2,'2025-11-30 15:37:13.906066',2,1,89000,'코지 코너룸','온돌룸','2025-11-30 15:37:13.906066',12,10,5),
(49,'15:00:00','11:00:00',4,'2025-11-30 15:37:13.907217',2,1,234000,'헤리티지 킹 스위트','한실','2025-11-30 15:37:13.907217',13,10,5),
(50,'15:00:00','11:00:00',5,'2025-11-30 15:37:13.908423',2,1,256000,'비즈니스 스튜디오룸','로프트룸','2025-11-30 15:37:13.908423',14,10,5),
(51,'15:00:00','11:00:00',10,'2025-11-30 15:37:13.909636',2,1,159000,'선셋뷰 퀸룸','스탠다드룸','2025-11-30 15:37:13.909636',15,10,5),
(52,'15:00:00','11:00:00',1,'2025-11-30 15:37:13.911185',2,1,200000,'모던 로프트룸','파노라마룸','2025-11-30 15:37:13.911185',16,10,5),
(53,'15:00:00','11:00:00',2,'2025-11-30 15:37:13.912467',2,1,190000,'럭셔리 프레지덴셜 스위트','오션뷰룸','2025-11-30 15:37:13.912467',17,10,5),
(54,'15:00:00','11:00:00',4,'2025-11-30 15:37:13.914038',2,1,120000,'어반 컴포트 더블룸','시티뷰룸','2025-11-30 15:37:13.914038',18,10,5),
(55,'15:00:00','11:00:00',5,'2025-11-30 15:37:13.915254',2,1,89000,'호라이즌뷰 킹룸','가든뷰룸','2025-11-30 15:37:13.915254',19,10,5),
(56,'15:00:00','11:00:00',10,'2025-11-30 15:37:13.916101',2,1,234000,'패밀리 디럭스룸','마운틴뷰룸','2025-11-30 15:37:13.916101',20,10,5),
(57,'15:00:00','11:00:00',1,'2025-11-30 15:37:13.916946',2,1,256000,'엘레강트 슈페리어룸','싱글룸','2025-11-30 15:37:13.916946',21,10,5),
(58,'15:00:00','11:00:00',2,'2025-11-30 15:37:13.917799',2,1,159000,'리버사이드 파노라마 스위트','더블룸','2025-11-30 15:37:13.917799',22,10,5),
(59,'15:00:00','11:00:00',4,'2025-11-30 15:37:13.918693',2,1,200000,'컴포트 트윈 스탠다드','트윈룸','2025-11-30 15:37:13.918693',23,10,5),
(60,'15:00:00','11:00:00',5,'2025-11-30 15:37:13.919607',2,1,190000,'플라자뷰 킹룸','트리플룸','2025-11-30 15:37:13.919607',24,10,5),
(61,'15:00:00','11:00:00',10,'2025-11-30 15:37:13.920626',2,1,120000,'트랜퀼 가든 스위트','패밀리룸','2025-11-30 15:37:13.920626',25,10,5),
(62,'15:00:00','11:00:00',1,'2025-11-30 15:37:13.921594',2,1,89000,'디럭스 트윈룸','디럭스룸','2025-11-30 15:37:13.921594',26,10,5),
(63,'15:00:00','11:00:00',2,'2025-11-30 15:37:13.922707',2,1,234000,'시티뷰 스위트','슈페리어룸','2025-11-30 15:37:13.922707',27,10,5),
(64,'15:00:00','11:00:00',4,'2025-11-30 15:37:13.923715',2,1,256000,'오션 브리즈룸','프리미엄룸','2025-11-30 15:37:13.923715',28,10,5),
(65,'15:00:00','11:00:00',5,'2025-11-30 15:37:13.924489',2,1,159000,'프리미엄 킹룸','스위트룸','2025-11-30 15:37:13.924489',29,10,5),
(66,'15:00:00','11:00:00',10,'2025-11-30 15:37:13.925411',2,1,200000,'가든뷰 더블룸','주니어 스위트','2025-11-30 15:37:13.925411',30,10,5),
(67,'15:00:00','11:00:00',1,'2025-11-30 15:37:13.926232',2,1,190000,'마운틴뷰 스위트','프레지덴셜 스위트','2025-11-30 15:37:13.926232',31,10,5),
(68,'15:00:00','11:00:00',2,'2025-11-30 15:37:13.927206',2,1,120000,'이그제큐티브 퀸룸','온돌룸','2025-11-30 15:37:13.927206',32,10,5),
(69,'15:00:00','11:00:00',1,'2025-11-30 15:38:08.517079',2,1,159000,'디럭스 트윈룸','싱글룸','2025-11-30 15:38:08.517079',1,10,5),
(70,'15:00:00','11:00:00',2,'2025-11-30 15:38:08.536018',2,1,200000,'시티뷰 스위트','더블룸','2025-11-30 15:38:08.536018',2,10,5),
(71,'15:00:00','11:00:00',4,'2025-11-30 15:38:08.537836',2,1,190000,'오션 브리즈룸','트윈룸','2025-11-30 15:38:08.537836',3,10,5),
(72,'15:00:00','11:00:00',5,'2025-11-30 15:38:08.539983',2,1,120000,'프리미엄 킹룸','트리플룸','2025-11-30 15:38:08.539983',4,10,5),
(73,'15:00:00','11:00:00',10,'2025-11-30 15:38:08.541479',2,1,89000,'가든뷰 더블룸','패밀리룸','2025-11-30 15:38:08.541479',5,10,5),
(74,'15:00:00','11:00:00',1,'2025-11-30 15:38:08.543392',2,1,234000,'마운틴뷰 스위트','디럭스룸','2025-11-30 15:38:08.543392',6,10,5),
(75,'15:00:00','11:00:00',2,'2025-11-30 15:38:08.544518',2,1,256000,'이그제큐티브 퀸룸','슈페리어룸','2025-11-30 15:38:08.544518',7,10,5),
(76,'15:00:00','11:00:00',4,'2025-11-30 15:38:08.545526',2,1,159000,'로열 패밀리 스위트','프리미엄룸','2025-11-30 15:38:08.545526',8,10,5),
(77,'15:00:00','11:00:00',5,'2025-11-30 15:38:08.546835',2,1,200000,'클래식 싱글룸','스위트룸','2025-11-30 15:38:08.546835',9,10,5),
(78,'15:00:00','11:00:00',10,'2025-11-30 15:38:08.547923',2,1,190000,'슈페리어 트윈 디럭스','주니어 스위트','2025-11-30 15:38:08.547923',10,10,5),
(79,'15:00:00','11:00:00',1,'2025-11-30 15:38:08.550963',2,1,120000,'스카이라인 파노라마 스위트','프레지덴셜 스위트','2025-11-30 15:38:08.550963',11,10,5),
(80,'15:00:00','11:00:00',2,'2025-11-30 15:38:08.552503',2,1,89000,'코지 코너룸','온돌룸','2025-11-30 15:38:08.552503',12,10,5),
(81,'15:00:00','11:00:00',4,'2025-11-30 15:38:08.553514',2,1,234000,'헤리티지 킹 스위트','한실','2025-11-30 15:38:08.553514',13,10,5),
(82,'15:00:00','11:00:00',5,'2025-11-30 15:38:08.554419',2,1,256000,'비즈니스 스튜디오룸','로프트룸','2025-11-30 15:38:08.554419',14,10,5),
(83,'15:00:00','11:00:00',10,'2025-11-30 15:38:08.555392',2,1,159000,'선셋뷰 퀸룸','스탠다드룸','2025-11-30 15:38:08.555392',15,10,5),
(84,'15:00:00','11:00:00',1,'2025-11-30 15:38:08.556990',2,1,200000,'모던 로프트룸','파노라마룸','2025-11-30 15:38:08.556990',16,10,5),
(85,'15:00:00','11:00:00',2,'2025-11-30 15:38:08.557960',2,1,190000,'럭셔리 프레지덴셜 스위트','오션뷰룸','2025-11-30 15:38:08.557960',17,10,5),
(86,'15:00:00','11:00:00',4,'2025-11-30 15:38:08.558888',2,1,120000,'어반 컴포트 더블룸','시티뷰룸','2025-11-30 15:38:08.558888',18,10,5),
(87,'15:00:00','11:00:00',5,'2025-11-30 15:38:08.559839',2,1,89000,'호라이즌뷰 킹룸','가든뷰룸','2025-11-30 15:38:08.559839',19,10,5),
(88,'15:00:00','11:00:00',10,'2025-11-30 15:38:08.561003',2,1,234000,'패밀리 디럭스룸','마운틴뷰룸','2025-11-30 15:38:08.561003',20,10,5),
(89,'15:00:00','11:00:00',1,'2025-11-30 15:38:08.561908',2,1,256000,'엘레강트 슈페리어룸','싱글룸','2025-11-30 15:38:08.561908',21,10,5),
(90,'15:00:00','11:00:00',2,'2025-11-30 15:38:08.562876',2,1,159000,'리버사이드 파노라마 스위트','더블룸','2025-11-30 15:38:08.562876',22,10,5),
(91,'15:00:00','11:00:00',4,'2025-11-30 15:38:08.564060',2,1,200000,'컴포트 트윈 스탠다드','트윈룸','2025-11-30 15:38:08.564060',23,10,5),
(92,'15:00:00','11:00:00',5,'2025-11-30 15:38:08.565366',2,1,190000,'플라자뷰 킹룸','트리플룸','2025-11-30 15:38:08.565366',24,10,5),
(93,'15:00:00','11:00:00',10,'2025-11-30 15:38:08.566338',2,1,120000,'트랜퀼 가든 스위트','패밀리룸','2025-11-30 15:38:08.566338',25,10,5),
(94,'15:00:00','11:00:00',1,'2025-11-30 15:38:08.567296',2,1,89000,'디럭스 트윈룸','디럭스룸','2025-11-30 15:38:08.567296',26,10,5),
(95,'15:00:00','11:00:00',2,'2025-11-30 15:38:08.568609',2,1,234000,'시티뷰 스위트','슈페리어룸','2025-11-30 15:38:08.568609',27,10,5),
(96,'15:00:00','11:00:00',4,'2025-11-30 15:38:08.569485',2,1,256000,'오션 브리즈룸','프리미엄룸','2025-11-30 15:38:08.569485',28,10,5),
(97,'15:00:00','11:00:00',5,'2025-11-30 15:38:08.570287',2,1,159000,'프리미엄 킹룸','스위트룸','2025-11-30 15:38:08.570287',29,10,5),
(98,'15:00:00','11:00:00',10,'2025-11-30 15:38:08.571120',2,1,200000,'가든뷰 더블룸','주니어 스위트','2025-11-30 15:38:08.571120',30,10,5),
(99,'15:00:00','11:00:00',1,'2025-11-30 15:38:08.572002',2,1,190000,'마운틴뷰 스위트','프레지덴셜 스위트','2025-11-30 15:38:08.572002',31,10,5),
(100,'15:00:00','11:00:00',2,'2025-11-30 15:38:08.573011',2,1,120000,'이그제큐티브 퀸룸','온돌룸','2025-11-30 15:38:08.573011',32,10,5),
(101,'15:00:00','11:00:00',1,'2025-11-30 15:38:59.921805',2,1,159000,'디럭스 트윈룸','싱글룸','2025-11-30 15:38:59.921805',1,10,5),
(102,'15:00:00','11:00:00',2,'2025-11-30 15:38:59.939313',2,1,200000,'시티뷰 스위트','더블룸','2025-11-30 15:38:59.939313',1,10,5),
(103,'15:00:00','11:00:00',4,'2025-11-30 15:38:59.941148',2,1,190000,'오션 브리즈룸','트윈룸','2025-11-30 15:38:59.941148',1,10,5),
(104,'15:00:00','11:00:00',5,'2025-11-30 15:38:59.942741',2,1,120000,'프리미엄 킹룸','트리플룸','2025-11-30 15:38:59.942741',1,10,5),
(105,'15:00:00','11:00:00',10,'2025-11-30 15:38:59.944361',2,1,89000,'가든뷰 더블룸','패밀리룸','2025-11-30 15:38:59.944361',1,10,5),
(106,'15:00:00','11:00:00',1,'2025-11-30 15:38:59.945448',2,1,234000,'마운틴뷰 스위트','디럭스룸','2025-11-30 15:38:59.945448',1,10,5),
(107,'15:00:00','11:00:00',2,'2025-11-30 15:38:59.946443',2,1,256000,'이그제큐티브 퀸룸','슈페리어룸','2025-11-30 15:38:59.946443',1,10,5),
(108,'15:00:00','11:00:00',4,'2025-11-30 15:38:59.947713',2,1,159000,'로열 패밀리 스위트','프리미엄룸','2025-11-30 15:38:59.947713',1,10,5),
(109,'15:00:00','11:00:00',5,'2025-11-30 15:38:59.949276',2,1,200000,'클래식 싱글룸','스위트룸','2025-11-30 15:38:59.949276',1,10,5),
(110,'15:00:00','11:00:00',10,'2025-11-30 15:38:59.950302',2,1,190000,'슈페리어 트윈 디럭스','주니어 스위트','2025-11-30 15:38:59.950302',1,10,5),
(111,'15:00:00','11:00:00',1,'2025-11-30 15:38:59.951349',2,1,159000,'디럭스 트윈룸','싱글룸','2025-11-30 15:38:59.951349',2,10,5),
(112,'15:00:00','11:00:00',2,'2025-11-30 15:38:59.952401',2,1,200000,'시티뷰 스위트','더블룸','2025-11-30 15:38:59.952401',2,10,5),
(113,'15:00:00','11:00:00',4,'2025-11-30 15:38:59.953350',2,1,190000,'오션 브리즈룸','트윈룸','2025-11-30 15:38:59.953350',2,10,5),
(114,'15:00:00','11:00:00',5,'2025-11-30 15:38:59.954244',2,1,120000,'프리미엄 킹룸','트리플룸','2025-11-30 15:38:59.954244',2,10,5),
(115,'15:00:00','11:00:00',10,'2025-11-30 15:38:59.956434',2,1,89000,'가든뷰 더블룸','패밀리룸','2025-11-30 15:38:59.956434',2,10,5),
(116,'15:00:00','11:00:00',1,'2025-11-30 15:38:59.957746',2,1,234000,'마운틴뷰 스위트','디럭스룸','2025-11-30 15:38:59.957746',2,10,5),
(117,'15:00:00','11:00:00',2,'2025-11-30 15:38:59.958930',2,1,256000,'이그제큐티브 퀸룸','슈페리어룸','2025-11-30 15:38:59.958930',2,10,5),
(118,'15:00:00','11:00:00',4,'2025-11-30 15:38:59.960087',2,1,159000,'로열 패밀리 스위트','프리미엄룸','2025-11-30 15:38:59.960087',2,10,5),
(119,'15:00:00','11:00:00',5,'2025-11-30 15:38:59.961106',2,1,200000,'클래식 싱글룸','스위트룸','2025-11-30 15:38:59.961106',2,10,5),
(120,'15:00:00','11:00:00',10,'2025-11-30 15:38:59.961988',2,1,190000,'슈페리어 트윈 디럭스','주니어 스위트','2025-11-30 15:38:59.961988',2,10,5),
(121,'15:00:00','11:00:00',1,'2025-11-30 15:38:59.962883',2,1,159000,'디럭스 트윈룸','싱글룸','2025-11-30 15:38:59.962883',3,10,5),
(122,'15:00:00','11:00:00',2,'2025-11-30 15:38:59.963942',2,1,200000,'시티뷰 스위트','더블룸','2025-11-30 15:38:59.963942',3,10,5),
(123,'15:00:00','11:00:00',4,'2025-11-30 15:38:59.964776',2,1,190000,'오션 브리즈룸','트윈룸','2025-11-30 15:38:59.964776',3,10,5),
(124,'15:00:00','11:00:00',5,'2025-11-30 15:38:59.965547',2,1,120000,'프리미엄 킹룸','트리플룸','2025-11-30 15:38:59.965547',3,10,5),
(125,'15:00:00','11:00:00',10,'2025-11-30 15:38:59.966376',2,1,89000,'가든뷰 더블룸','패밀리룸','2025-11-30 15:38:59.966376',3,10,5),
(126,'15:00:00','11:00:00',1,'2025-11-30 15:38:59.967243',2,1,234000,'마운틴뷰 스위트','디럭스룸','2025-11-30 15:38:59.967243',3,10,5),
(127,'15:00:00','11:00:00',2,'2025-11-30 15:38:59.968114',2,1,256000,'이그제큐티브 퀸룸','슈페리어룸','2025-11-30 15:38:59.968114',3,10,5),
(128,'15:00:00','11:00:00',4,'2025-11-30 15:38:59.969044',2,1,159000,'로열 패밀리 스위트','프리미엄룸','2025-11-30 15:38:59.969044',3,10,5),
(129,'15:00:00','11:00:00',5,'2025-11-30 15:38:59.969857',2,1,200000,'클래식 싱글룸','스위트룸','2025-11-30 15:38:59.969857',3,10,5),
(130,'15:00:00','11:00:00',10,'2025-11-30 15:38:59.970597',2,1,190000,'슈페리어 트윈 디럭스','주니어 스위트','2025-11-30 15:38:59.970597',3,10,5),
(131,'15:00:00','11:00:00',1,'2025-11-30 15:38:59.971412',2,1,159000,'디럭스 트윈룸','싱글룸','2025-11-30 15:38:59.971412',4,10,5),
(132,'15:00:00','11:00:00',2,'2025-11-30 15:38:59.972745',2,1,200000,'시티뷰 스위트','더블룸','2025-11-30 15:38:59.972745',4,10,5),
(133,'15:00:00','11:00:00',4,'2025-11-30 15:38:59.975594',2,1,190000,'오션 브리즈룸','트윈룸','2025-11-30 15:38:59.975594',4,10,5),
(134,'15:00:00','11:00:00',5,'2025-11-30 15:38:59.976995',2,1,120000,'프리미엄 킹룸','트리플룸','2025-11-30 15:38:59.976995',4,10,5),
(135,'15:00:00','11:00:00',10,'2025-11-30 15:38:59.977902',2,1,89000,'가든뷰 더블룸','패밀리룸','2025-11-30 15:38:59.977902',4,10,5),
(136,'15:00:00','11:00:00',1,'2025-11-30 15:38:59.978728',2,1,234000,'마운틴뷰 스위트','디럭스룸','2025-11-30 15:38:59.978728',4,10,5),
(137,'15:00:00','11:00:00',2,'2025-11-30 15:38:59.979674',2,1,256000,'이그제큐티브 퀸룸','슈페리어룸','2025-11-30 15:38:59.979674',4,10,5),
(138,'15:00:00','11:00:00',4,'2025-11-30 15:38:59.980847',2,1,159000,'로열 패밀리 스위트','프리미엄룸','2025-11-30 15:38:59.980847',4,10,5),
(139,'15:00:00','11:00:00',5,'2025-11-30 15:38:59.981869',2,1,200000,'클래식 싱글룸','스위트룸','2025-11-30 15:38:59.981869',4,10,5),
(140,'15:00:00','11:00:00',10,'2025-11-30 15:38:59.982645',2,1,190000,'슈페리어 트윈 디럭스','주니어 스위트','2025-11-30 15:38:59.982645',4,10,5),
(141,'15:00:00','11:00:00',1,'2025-11-30 15:38:59.983567',2,1,159000,'디럭스 트윈룸','싱글룸','2025-11-30 15:38:59.983567',5,10,5),
(142,'15:00:00','11:00:00',2,'2025-11-30 15:38:59.984467',2,1,200000,'시티뷰 스위트','더블룸','2025-11-30 15:38:59.984467',5,10,5),
(143,'15:00:00','11:00:00',4,'2025-11-30 15:38:59.985352',2,1,190000,'오션 브리즈룸','트윈룸','2025-11-30 15:38:59.985352',5,10,5),
(144,'15:00:00','11:00:00',5,'2025-11-30 15:38:59.986283',2,1,120000,'프리미엄 킹룸','트리플룸','2025-11-30 15:38:59.986283',5,10,5),
(145,'15:00:00','11:00:00',10,'2025-11-30 15:38:59.987219',2,1,89000,'가든뷰 더블룸','패밀리룸','2025-11-30 15:38:59.987219',5,10,5),
(146,'15:00:00','11:00:00',1,'2025-11-30 15:38:59.988264',2,1,234000,'마운틴뷰 스위트','디럭스룸','2025-11-30 15:38:59.988264',5,10,5),
(147,'15:00:00','11:00:00',2,'2025-11-30 15:38:59.989373',2,1,256000,'이그제큐티브 퀸룸','슈페리어룸','2025-11-30 15:38:59.989373',5,10,5),
(148,'15:00:00','11:00:00',4,'2025-11-30 15:38:59.990405',2,1,159000,'로열 패밀리 스위트','프리미엄룸','2025-11-30 15:38:59.990405',5,10,5),
(149,'15:00:00','11:00:00',5,'2025-11-30 15:38:59.991323',2,1,200000,'클래식 싱글룸','스위트룸','2025-11-30 15:38:59.991323',5,10,5),
(150,'15:00:00','11:00:00',10,'2025-11-30 15:38:59.992564',2,1,190000,'슈페리어 트윈 디럭스','주니어 스위트','2025-11-30 15:38:59.992564',5,10,5),
(151,'15:00:00','11:00:00',1,'2025-11-30 15:38:59.993590',2,1,159000,'디럭스 트윈룸','싱글룸','2025-11-30 15:38:59.993590',6,10,5),
(152,'15:00:00','11:00:00',2,'2025-11-30 15:38:59.994609',2,1,200000,'시티뷰 스위트','더블룸','2025-11-30 15:38:59.994609',6,10,5),
(153,'15:00:00','11:00:00',4,'2025-11-30 15:38:59.995488',2,1,190000,'오션 브리즈룸','트윈룸','2025-11-30 15:38:59.995488',6,10,5),
(154,'15:00:00','11:00:00',5,'2025-11-30 15:38:59.996530',2,1,120000,'프리미엄 킹룸','트리플룸','2025-11-30 15:38:59.996530',6,10,5),
(155,'15:00:00','11:00:00',10,'2025-11-30 15:38:59.997692',2,1,89000,'가든뷰 더블룸','패밀리룸','2025-11-30 15:38:59.997692',6,10,5),
(156,'15:00:00','11:00:00',1,'2025-11-30 15:38:59.998599',2,1,234000,'마운틴뷰 스위트','디럭스룸','2025-11-30 15:38:59.998599',6,10,5),
(157,'15:00:00','11:00:00',2,'2025-11-30 15:38:59.999485',2,1,256000,'이그제큐티브 퀸룸','슈페리어룸','2025-11-30 15:38:59.999485',6,10,5),
(158,'15:00:00','11:00:00',4,'2025-11-30 15:39:00.000538',2,1,159000,'로열 패밀리 스위트','프리미엄룸','2025-11-30 15:39:00.000538',6,10,5),
(159,'15:00:00','11:00:00',5,'2025-11-30 15:39:00.001385',2,1,200000,'클래식 싱글룸','스위트룸','2025-11-30 15:39:00.001385',6,10,5),
(160,'15:00:00','11:00:00',10,'2025-11-30 15:39:00.002612',2,1,190000,'슈페리어 트윈 디럭스','주니어 스위트','2025-11-30 15:39:00.002612',6,10,5),
(161,'15:00:00','11:00:00',1,'2025-11-30 15:39:00.004105',2,1,159000,'디럭스 트윈룸','싱글룸','2025-11-30 15:39:00.004105',7,10,5),
(162,'15:00:00','11:00:00',2,'2025-11-30 15:39:00.005165',2,1,200000,'시티뷰 스위트','더블룸','2025-11-30 15:39:00.005165',7,10,5),
(163,'15:00:00','11:00:00',4,'2025-11-30 15:39:00.006624',2,1,190000,'오션 브리즈룸','트윈룸','2025-11-30 15:39:00.006624',7,10,5),
(164,'15:00:00','11:00:00',5,'2025-11-30 15:39:00.007785',2,1,120000,'프리미엄 킹룸','트리플룸','2025-11-30 15:39:00.007785',7,10,5),
(165,'15:00:00','11:00:00',10,'2025-11-30 15:39:00.009576',2,1,89000,'가든뷰 더블룸','패밀리룸','2025-11-30 15:39:00.009576',7,10,5),
(166,'15:00:00','11:00:00',1,'2025-11-30 15:39:00.010583',2,1,234000,'마운틴뷰 스위트','디럭스룸','2025-11-30 15:39:00.010583',7,10,5),
(167,'15:00:00','11:00:00',2,'2025-11-30 15:39:00.011697',2,1,256000,'이그제큐티브 퀸룸','슈페리어룸','2025-11-30 15:39:00.011697',7,10,5),
(168,'15:00:00','11:00:00',4,'2025-11-30 15:39:00.012596',2,1,159000,'로열 패밀리 스위트','프리미엄룸','2025-11-30 15:39:00.012596',7,10,5),
(169,'15:00:00','11:00:00',5,'2025-11-30 15:39:00.013346',2,1,200000,'클래식 싱글룸','스위트룸','2025-11-30 15:39:00.013346',7,10,5),
(170,'15:00:00','11:00:00',10,'2025-11-30 15:39:00.014372',2,1,190000,'슈페리어 트윈 디럭스','주니어 스위트','2025-11-30 15:39:00.014372',7,10,5),
(171,'15:00:00','11:00:00',1,'2025-11-30 15:39:00.015205',2,1,159000,'디럭스 트윈룸','싱글룸','2025-11-30 15:39:00.015205',8,10,5),
(172,'15:00:00','11:00:00',2,'2025-11-30 15:39:00.016263',2,1,200000,'시티뷰 스위트','더블룸','2025-11-30 15:39:00.016263',8,10,5),
(173,'15:00:00','11:00:00',4,'2025-11-30 15:39:00.017564',2,1,190000,'오션 브리즈룸','트윈룸','2025-11-30 15:39:00.017564',8,10,5),
(174,'15:00:00','11:00:00',5,'2025-11-30 15:39:00.018520',2,1,120000,'프리미엄 킹룸','트리플룸','2025-11-30 15:39:00.018520',8,10,5),
(175,'15:00:00','11:00:00',10,'2025-11-30 15:39:00.019409',2,1,89000,'가든뷰 더블룸','패밀리룸','2025-11-30 15:39:00.019409',8,10,5),
(176,'15:00:00','11:00:00',1,'2025-11-30 15:39:00.020270',2,1,234000,'마운틴뷰 스위트','디럭스룸','2025-11-30 15:39:00.020270',8,10,5),
(177,'15:00:00','11:00:00',2,'2025-11-30 15:39:00.020921',2,1,256000,'이그제큐티브 퀸룸','슈페리어룸','2025-11-30 15:39:00.020921',8,10,5),
(178,'15:00:00','11:00:00',4,'2025-11-30 15:39:00.021683',2,1,159000,'로열 패밀리 스위트','프리미엄룸','2025-11-30 15:39:00.021683',8,10,5),
(179,'15:00:00','11:00:00',5,'2025-11-30 15:39:00.022743',2,1,200000,'클래식 싱글룸','스위트룸','2025-11-30 15:39:00.022743',8,10,5),
(180,'15:00:00','11:00:00',10,'2025-11-30 15:39:00.023445',2,1,190000,'슈페리어 트윈 디럭스','주니어 스위트','2025-11-30 15:39:00.023445',8,10,5),
(181,'15:00:00','11:00:00',1,'2025-11-30 15:39:00.024108',2,1,159000,'디럭스 트윈룸','싱글룸','2025-11-30 15:39:00.024108',9,10,5),
(182,'15:00:00','11:00:00',2,'2025-11-30 15:39:00.024789',2,1,200000,'시티뷰 스위트','더블룸','2025-11-30 15:39:00.024789',9,10,5),
(183,'15:00:00','11:00:00',4,'2025-11-30 15:39:00.025564',2,1,190000,'오션 브리즈룸','트윈룸','2025-11-30 15:39:00.025564',9,10,5),
(184,'15:00:00','11:00:00',5,'2025-11-30 15:39:00.026354',2,1,120000,'프리미엄 킹룸','트리플룸','2025-11-30 15:39:00.026354',9,10,5),
(185,'15:00:00','11:00:00',10,'2025-11-30 15:39:00.027125',2,1,89000,'가든뷰 더블룸','패밀리룸','2025-11-30 15:39:00.027125',9,10,5),
(186,'15:00:00','11:00:00',1,'2025-11-30 15:39:00.027982',2,1,234000,'마운틴뷰 스위트','디럭스룸','2025-11-30 15:39:00.027982',9,10,5),
(187,'15:00:00','11:00:00',2,'2025-11-30 15:39:00.028721',2,1,256000,'이그제큐티브 퀸룸','슈페리어룸','2025-11-30 15:39:00.028721',9,10,5),
(188,'15:00:00','11:00:00',4,'2025-11-30 15:39:00.029429',2,1,159000,'로열 패밀리 스위트','프리미엄룸','2025-11-30 15:39:00.029429',9,10,5),
(189,'15:00:00','11:00:00',5,'2025-11-30 15:39:00.030140',2,1,200000,'클래식 싱글룸','스위트룸','2025-11-30 15:39:00.030140',9,10,5),
(190,'15:00:00','11:00:00',10,'2025-11-30 15:39:00.030849',2,1,190000,'슈페리어 트윈 디럭스','주니어 스위트','2025-11-30 15:39:00.030849',9,10,5),
(191,'15:00:00','11:00:00',1,'2025-11-30 15:39:00.031567',2,1,159000,'디럭스 트윈룸','싱글룸','2025-11-30 15:39:00.031567',10,10,5),
(192,'15:00:00','11:00:00',2,'2025-11-30 15:39:00.032227',2,1,200000,'시티뷰 스위트','더블룸','2025-11-30 15:39:00.032227',10,10,5),
(193,'15:00:00','11:00:00',4,'2025-11-30 15:39:00.032855',2,1,190000,'오션 브리즈룸','트윈룸','2025-11-30 15:39:00.032855',10,10,5),
(194,'15:00:00','11:00:00',5,'2025-11-30 15:39:00.033504',2,1,120000,'프리미엄 킹룸','트리플룸','2025-11-30 15:39:00.033504',10,10,5),
(195,'15:00:00','11:00:00',10,'2025-11-30 15:39:00.034194',2,1,89000,'가든뷰 더블룸','패밀리룸','2025-11-30 15:39:00.034194',10,10,5),
(196,'15:00:00','11:00:00',1,'2025-11-30 15:39:00.034885',2,1,234000,'마운틴뷰 스위트','디럭스룸','2025-11-30 15:39:00.034885',10,10,5),
(197,'15:00:00','11:00:00',2,'2025-11-30 15:39:00.035670',2,1,256000,'이그제큐티브 퀸룸','슈페리어룸','2025-11-30 15:39:00.035670',10,10,5),
(198,'15:00:00','11:00:00',4,'2025-11-30 15:39:00.036452',2,1,159000,'로열 패밀리 스위트','프리미엄룸','2025-11-30 15:39:00.036452',10,10,5),
(199,'15:00:00','11:00:00',5,'2025-11-30 15:39:00.038393',2,1,200000,'클래식 싱글룸','스위트룸','2025-11-30 15:39:00.038393',10,10,5),
(200,'15:00:00','11:00:00',10,'2025-11-30 15:39:00.039130',2,1,190000,'슈페리어 트윈 디럭스','주니어 스위트','2025-11-30 15:39:00.039130',10,10,5),
(201,'15:00:00','11:00:00',1,'2025-11-30 15:39:00.039897',2,1,159000,'디럭스 트윈룸','싱글룸','2025-11-30 15:39:00.039897',11,10,5),
(202,'15:00:00','11:00:00',2,'2025-11-30 15:39:00.041284',2,1,200000,'시티뷰 스위트','더블룸','2025-11-30 15:39:00.041284',11,10,5),
(203,'15:00:00','11:00:00',4,'2025-11-30 15:39:00.042108',2,1,190000,'오션 브리즈룸','트윈룸','2025-11-30 15:39:00.042108',11,10,5),
(204,'15:00:00','11:00:00',5,'2025-11-30 15:39:00.042842',2,1,120000,'프리미엄 킹룸','트리플룸','2025-11-30 15:39:00.042842',11,10,5),
(205,'15:00:00','11:00:00',10,'2025-11-30 15:39:00.043460',2,1,89000,'가든뷰 더블룸','패밀리룸','2025-11-30 15:39:00.043460',11,10,5),
(206,'15:00:00','11:00:00',1,'2025-11-30 15:39:00.044056',2,1,234000,'마운틴뷰 스위트','디럭스룸','2025-11-30 15:39:00.044056',11,10,5),
(207,'15:00:00','11:00:00',2,'2025-11-30 15:39:00.044657',2,1,256000,'이그제큐티브 퀸룸','슈페리어룸','2025-11-30 15:39:00.044657',11,10,5),
(208,'15:00:00','11:00:00',4,'2025-11-30 15:39:00.045379',2,1,159000,'로열 패밀리 스위트','프리미엄룸','2025-11-30 15:39:00.045379',11,10,5),
(209,'15:00:00','11:00:00',5,'2025-11-30 15:39:00.046025',2,1,200000,'클래식 싱글룸','스위트룸','2025-11-30 15:39:00.046025',11,10,5),
(210,'15:00:00','11:00:00',10,'2025-11-30 15:39:00.046759',2,1,190000,'슈페리어 트윈 디럭스','주니어 스위트','2025-11-30 15:39:00.046759',11,10,5),
(211,'15:00:00','11:00:00',1,'2025-11-30 15:39:00.047432',2,1,159000,'디럭스 트윈룸','싱글룸','2025-11-30 15:39:00.047432',12,10,5),
(212,'15:00:00','11:00:00',2,'2025-11-30 15:39:00.048069',2,1,200000,'시티뷰 스위트','더블룸','2025-11-30 15:39:00.048069',12,10,5),
(213,'15:00:00','11:00:00',4,'2025-11-30 15:39:00.049036',2,1,190000,'오션 브리즈룸','트윈룸','2025-11-30 15:39:00.049036',12,10,5),
(214,'15:00:00','11:00:00',5,'2025-11-30 15:39:00.050365',2,1,120000,'프리미엄 킹룸','트리플룸','2025-11-30 15:39:00.050365',12,10,5),
(215,'15:00:00','11:00:00',10,'2025-11-30 15:39:00.051350',2,1,89000,'가든뷰 더블룸','패밀리룸','2025-11-30 15:39:00.051350',12,10,5),
(216,'15:00:00','11:00:00',1,'2025-11-30 15:39:00.052049',2,1,234000,'마운틴뷰 스위트','디럭스룸','2025-11-30 15:39:00.052049',12,10,5),
(217,'15:00:00','11:00:00',2,'2025-11-30 15:39:00.052746',2,1,256000,'이그제큐티브 퀸룸','슈페리어룸','2025-11-30 15:39:00.052746',12,10,5),
(218,'15:00:00','11:00:00',4,'2025-11-30 15:39:00.053458',2,1,159000,'로열 패밀리 스위트','프리미엄룸','2025-11-30 15:39:00.053458',12,10,5),
(219,'15:00:00','11:00:00',5,'2025-11-30 15:39:00.054145',2,1,200000,'클래식 싱글룸','스위트룸','2025-11-30 15:39:00.054145',12,10,5),
(220,'15:00:00','11:00:00',10,'2025-11-30 15:39:00.054756',2,1,190000,'슈페리어 트윈 디럭스','주니어 스위트','2025-11-30 15:39:00.054756',12,10,5),
(221,'15:00:00','11:00:00',1,'2025-11-30 15:39:00.055677',2,1,159000,'디럭스 트윈룸','싱글룸','2025-11-30 15:39:00.055677',13,10,5),
(222,'15:00:00','11:00:00',2,'2025-11-30 15:39:00.056327',2,1,200000,'시티뷰 스위트','더블룸','2025-11-30 15:39:00.056327',13,10,5),
(223,'15:00:00','11:00:00',4,'2025-11-30 15:39:00.057009',2,1,190000,'오션 브리즈룸','트윈룸','2025-11-30 15:39:00.057009',13,10,5),
(224,'15:00:00','11:00:00',5,'2025-11-30 15:39:00.057662',2,1,120000,'프리미엄 킹룸','트리플룸','2025-11-30 15:39:00.057662',13,10,5),
(225,'15:00:00','11:00:00',10,'2025-11-30 15:39:00.058311',2,1,89000,'가든뷰 더블룸','패밀리룸','2025-11-30 15:39:00.058311',13,10,5),
(226,'15:00:00','11:00:00',1,'2025-11-30 15:39:00.058971',2,1,234000,'마운틴뷰 스위트','디럭스룸','2025-11-30 15:39:00.058971',13,10,5),
(227,'15:00:00','11:00:00',2,'2025-11-30 15:39:00.059677',2,1,256000,'이그제큐티브 퀸룸','슈페리어룸','2025-11-30 15:39:00.059677',13,10,5),
(228,'15:00:00','11:00:00',4,'2025-11-30 15:39:00.060735',2,1,159000,'로열 패밀리 스위트','프리미엄룸','2025-11-30 15:39:00.060735',13,10,5),
(229,'15:00:00','11:00:00',5,'2025-11-30 15:39:00.062354',2,1,200000,'클래식 싱글룸','스위트룸','2025-11-30 15:39:00.062354',13,10,5),
(230,'15:00:00','11:00:00',10,'2025-11-30 15:39:00.063136',2,1,190000,'슈페리어 트윈 디럭스','주니어 스위트','2025-11-30 15:39:00.063136',13,10,5),
(231,'15:00:00','11:00:00',1,'2025-11-30 15:39:00.063830',2,1,159000,'디럭스 트윈룸','싱글룸','2025-11-30 15:39:00.063830',14,10,5),
(232,'15:00:00','11:00:00',2,'2025-11-30 15:39:00.064482',2,1,200000,'시티뷰 스위트','더블룸','2025-11-30 15:39:00.064482',14,10,5),
(233,'15:00:00','11:00:00',4,'2025-11-30 15:39:00.065184',2,1,190000,'오션 브리즈룸','트윈룸','2025-11-30 15:39:00.065184',14,10,5),
(234,'15:00:00','11:00:00',5,'2025-11-30 15:39:00.065888',2,1,120000,'프리미엄 킹룸','트리플룸','2025-11-30 15:39:00.065888',14,10,5),
(235,'15:00:00','11:00:00',10,'2025-11-30 15:39:00.066579',2,1,89000,'가든뷰 더블룸','패밀리룸','2025-11-30 15:39:00.066579',14,10,5),
(236,'15:00:00','11:00:00',1,'2025-11-30 15:39:00.067220',2,1,234000,'마운틴뷰 스위트','디럭스룸','2025-11-30 15:39:00.067220',14,10,5),
(237,'15:00:00','11:00:00',2,'2025-11-30 15:39:00.067849',2,1,256000,'이그제큐티브 퀸룸','슈페리어룸','2025-11-30 15:39:00.067849',14,10,5),
(238,'15:00:00','11:00:00',4,'2025-11-30 15:39:00.068472',2,1,159000,'로열 패밀리 스위트','프리미엄룸','2025-11-30 15:39:00.068472',14,10,5),
(239,'15:00:00','11:00:00',5,'2025-11-30 15:39:00.069100',2,1,200000,'클래식 싱글룸','스위트룸','2025-11-30 15:39:00.069100',14,10,5),
(240,'15:00:00','11:00:00',10,'2025-11-30 15:39:00.069772',2,1,190000,'슈페리어 트윈 디럭스','주니어 스위트','2025-11-30 15:39:00.069772',14,10,5),
(241,'15:00:00','11:00:00',1,'2025-11-30 15:39:00.070569',2,1,159000,'디럭스 트윈룸','싱글룸','2025-11-30 15:39:00.070569',15,10,5),
(242,'15:00:00','11:00:00',2,'2025-11-30 15:39:00.071386',2,1,200000,'시티뷰 스위트','더블룸','2025-11-30 15:39:00.071386',15,10,5),
(243,'15:00:00','11:00:00',4,'2025-11-30 15:39:00.072148',2,1,190000,'오션 브리즈룸','트윈룸','2025-11-30 15:39:00.072148',15,10,5),
(244,'15:00:00','11:00:00',5,'2025-11-30 15:39:00.072809',2,1,120000,'프리미엄 킹룸','트리플룸','2025-11-30 15:39:00.072809',15,10,5),
(245,'15:00:00','11:00:00',10,'2025-11-30 15:39:00.073517',2,1,89000,'가든뷰 더블룸','패밀리룸','2025-11-30 15:39:00.073517',15,10,5),
(246,'15:00:00','11:00:00',1,'2025-11-30 15:39:00.074160',2,1,234000,'마운틴뷰 스위트','디럭스룸','2025-11-30 15:39:00.074160',15,10,5),
(247,'15:00:00','11:00:00',2,'2025-11-30 15:39:00.074824',2,1,256000,'이그제큐티브 퀸룸','슈페리어룸','2025-11-30 15:39:00.074824',15,10,5),
(248,'15:00:00','11:00:00',4,'2025-11-30 15:39:00.075648',2,1,159000,'로열 패밀리 스위트','프리미엄룸','2025-11-30 15:39:00.075648',15,10,5),
(249,'15:00:00','11:00:00',5,'2025-11-30 15:39:00.076312',2,1,200000,'클래식 싱글룸','스위트룸','2025-11-30 15:39:00.076312',15,10,5),
(250,'15:00:00','11:00:00',10,'2025-11-30 15:39:00.076945',2,1,190000,'슈페리어 트윈 디럭스','주니어 스위트','2025-11-30 15:39:00.076945',15,10,5),
(251,'15:00:00','11:00:00',1,'2025-11-30 15:39:00.077637',2,1,159000,'디럭스 트윈룸','싱글룸','2025-11-30 15:39:00.077637',16,10,5),
(252,'15:00:00','11:00:00',2,'2025-11-30 15:39:00.078284',2,1,200000,'시티뷰 스위트','더블룸','2025-11-30 15:39:00.078284',16,10,5),
(253,'15:00:00','11:00:00',4,'2025-11-30 15:39:00.078916',2,1,190000,'오션 브리즈룸','트윈룸','2025-11-30 15:39:00.078916',16,10,5),
(254,'15:00:00','11:00:00',5,'2025-11-30 15:39:00.079557',2,1,120000,'프리미엄 킹룸','트리플룸','2025-11-30 15:39:00.079557',16,10,5),
(255,'15:00:00','11:00:00',10,'2025-11-30 15:39:00.080367',2,1,89000,'가든뷰 더블룸','패밀리룸','2025-11-30 15:39:00.080367',16,10,5),
(256,'15:00:00','11:00:00',1,'2025-11-30 15:39:00.081337',2,1,234000,'마운틴뷰 스위트','디럭스룸','2025-11-30 15:39:00.081337',16,10,5),
(257,'15:00:00','11:00:00',2,'2025-11-30 15:39:00.082475',2,1,256000,'이그제큐티브 퀸룸','슈페리어룸','2025-11-30 15:39:00.082475',16,10,5),
(258,'15:00:00','11:00:00',4,'2025-11-30 15:39:00.083417',2,1,159000,'로열 패밀리 스위트','프리미엄룸','2025-11-30 15:39:00.083417',16,10,5),
(259,'15:00:00','11:00:00',5,'2025-11-30 15:39:00.084149',2,1,200000,'클래식 싱글룸','스위트룸','2025-11-30 15:39:00.084149',16,10,5),
(260,'15:00:00','11:00:00',10,'2025-11-30 15:39:00.085205',2,1,190000,'슈페리어 트윈 디럭스','주니어 스위트','2025-11-30 15:39:00.085205',16,10,5),
(261,'15:00:00','11:00:00',1,'2025-11-30 15:39:00.086093',2,1,159000,'디럭스 트윈룸','싱글룸','2025-11-30 15:39:00.086093',17,10,5),
(262,'15:00:00','11:00:00',2,'2025-11-30 15:39:00.086847',2,1,200000,'시티뷰 스위트','더블룸','2025-11-30 15:39:00.086847',17,10,5),
(263,'15:00:00','11:00:00',4,'2025-11-30 15:39:00.087718',2,1,190000,'오션 브리즈룸','트윈룸','2025-11-30 15:39:00.087718',17,10,5),
(264,'15:00:00','11:00:00',5,'2025-11-30 15:39:00.088554',2,1,120000,'프리미엄 킹룸','트리플룸','2025-11-30 15:39:00.088554',17,10,5),
(265,'15:00:00','11:00:00',10,'2025-11-30 15:39:00.089274',2,1,89000,'가든뷰 더블룸','패밀리룸','2025-11-30 15:39:00.089274',17,10,5),
(266,'15:00:00','11:00:00',1,'2025-11-30 15:39:00.089986',2,1,234000,'마운틴뷰 스위트','디럭스룸','2025-11-30 15:39:00.089986',17,10,5),
(267,'15:00:00','11:00:00',2,'2025-11-30 15:39:00.090638',2,1,256000,'이그제큐티브 퀸룸','슈페리어룸','2025-11-30 15:39:00.090638',17,10,5),
(268,'15:00:00','11:00:00',4,'2025-11-30 15:39:00.091264',2,1,159000,'로열 패밀리 스위트','프리미엄룸','2025-11-30 15:39:00.091264',17,10,5),
(269,'15:00:00','11:00:00',5,'2025-11-30 15:39:00.091988',2,1,200000,'클래식 싱글룸','스위트룸','2025-11-30 15:39:00.091988',17,10,5),
(270,'15:00:00','11:00:00',10,'2025-11-30 15:39:00.092658',2,1,190000,'슈페리어 트윈 디럭스','주니어 스위트','2025-11-30 15:39:00.092658',17,10,5),
(271,'15:00:00','11:00:00',1,'2025-11-30 15:39:00.093326',2,1,159000,'디럭스 트윈룸','싱글룸','2025-11-30 15:39:00.093326',18,10,5),
(272,'15:00:00','11:00:00',2,'2025-11-30 15:39:00.094002',2,1,200000,'시티뷰 스위트','더블룸','2025-11-30 15:39:00.094002',18,10,5),
(273,'15:00:00','11:00:00',4,'2025-11-30 15:39:00.094894',2,1,190000,'오션 브리즈룸','트윈룸','2025-11-30 15:39:00.094894',18,10,5),
(274,'15:00:00','11:00:00',5,'2025-11-30 15:39:00.095903',2,1,120000,'프리미엄 킹룸','트리플룸','2025-11-30 15:39:00.095903',18,10,5),
(275,'15:00:00','11:00:00',10,'2025-11-30 15:39:00.096616',2,1,89000,'가든뷰 더블룸','패밀리룸','2025-11-30 15:39:00.096616',18,10,5),
(276,'15:00:00','11:00:00',1,'2025-11-30 15:39:00.097308',2,1,234000,'마운틴뷰 스위트','디럭스룸','2025-11-30 15:39:00.097308',18,10,5),
(277,'15:00:00','11:00:00',2,'2025-11-30 15:39:00.097981',2,1,256000,'이그제큐티브 퀸룸','슈페리어룸','2025-11-30 15:39:00.097981',18,10,5),
(278,'15:00:00','11:00:00',4,'2025-11-30 15:39:00.098601',2,1,159000,'로열 패밀리 스위트','프리미엄룸','2025-11-30 15:39:00.098601',18,10,5),
(279,'15:00:00','11:00:00',5,'2025-11-30 15:39:00.099199',2,1,200000,'클래식 싱글룸','스위트룸','2025-11-30 15:39:00.099199',18,10,5),
(280,'15:00:00','11:00:00',10,'2025-11-30 15:39:00.099737',2,1,190000,'슈페리어 트윈 디럭스','주니어 스위트','2025-11-30 15:39:00.099737',18,10,5),
(281,'15:00:00','11:00:00',1,'2025-11-30 15:39:00.100286',2,1,159000,'디럭스 트윈룸','싱글룸','2025-11-30 15:39:00.100286',19,10,5),
(282,'15:00:00','11:00:00',2,'2025-11-30 15:39:00.100860',2,1,200000,'시티뷰 스위트','더블룸','2025-11-30 15:39:00.100860',19,10,5),
(283,'15:00:00','11:00:00',4,'2025-11-30 15:39:00.101435',2,1,190000,'오션 브리즈룸','트윈룸','2025-11-30 15:39:00.101435',19,10,5),
(284,'15:00:00','11:00:00',5,'2025-11-30 15:39:00.102040',2,1,120000,'프리미엄 킹룸','트리플룸','2025-11-30 15:39:00.102040',19,10,5),
(285,'15:00:00','11:00:00',10,'2025-11-30 15:39:00.102573',2,1,89000,'가든뷰 더블룸','패밀리룸','2025-11-30 15:39:00.102573',19,10,5),
(286,'15:00:00','11:00:00',1,'2025-11-30 15:39:00.103103',2,1,234000,'마운틴뷰 스위트','디럭스룸','2025-11-30 15:39:00.103103',19,10,5),
(287,'15:00:00','11:00:00',2,'2025-11-30 15:39:00.103649',2,1,256000,'이그제큐티브 퀸룸','슈페리어룸','2025-11-30 15:39:00.103649',19,10,5),
(288,'15:00:00','11:00:00',4,'2025-11-30 15:39:00.104252',2,1,159000,'로열 패밀리 스위트','프리미엄룸','2025-11-30 15:39:00.104252',19,10,5),
(289,'15:00:00','11:00:00',5,'2025-11-30 15:39:00.104921',2,1,200000,'클래식 싱글룸','스위트룸','2025-11-30 15:39:00.104921',19,10,5),
(290,'15:00:00','11:00:00',10,'2025-11-30 15:39:00.105491',2,1,190000,'슈페리어 트윈 디럭스','주니어 스위트','2025-11-30 15:39:00.105491',19,10,5),
(291,'15:00:00','11:00:00',1,'2025-11-30 15:39:00.106215',2,1,159000,'디럭스 트윈룸','싱글룸','2025-11-30 15:39:00.106215',20,10,5),
(292,'15:00:00','11:00:00',2,'2025-11-30 15:39:00.106891',2,1,200000,'시티뷰 스위트','더블룸','2025-11-30 15:39:00.106891',20,10,5),
(293,'15:00:00','11:00:00',4,'2025-11-30 15:39:00.107553',2,1,190000,'오션 브리즈룸','트윈룸','2025-11-30 15:39:00.107553',20,10,5),
(294,'15:00:00','11:00:00',5,'2025-11-30 15:39:00.108153',2,1,120000,'프리미엄 킹룸','트리플룸','2025-11-30 15:39:00.108153',20,10,5),
(295,'15:00:00','11:00:00',10,'2025-11-30 15:39:00.108717',2,1,89000,'가든뷰 더블룸','패밀리룸','2025-11-30 15:39:00.108717',20,10,5),
(296,'15:00:00','11:00:00',1,'2025-11-30 15:39:00.109319',2,1,234000,'마운틴뷰 스위트','디럭스룸','2025-11-30 15:39:00.109319',20,10,5),
(297,'15:00:00','11:00:00',2,'2025-11-30 15:39:00.109949',2,1,256000,'이그제큐티브 퀸룸','슈페리어룸','2025-11-30 15:39:00.109949',20,10,5),
(298,'15:00:00','11:00:00',4,'2025-11-30 15:39:00.110531',2,1,159000,'로열 패밀리 스위트','프리미엄룸','2025-11-30 15:39:00.110531',20,10,5),
(299,'15:00:00','11:00:00',5,'2025-11-30 15:39:00.111141',2,1,200000,'클래식 싱글룸','스위트룸','2025-11-30 15:39:00.111141',20,10,5),
(300,'15:00:00','11:00:00',10,'2025-11-30 15:39:00.111768',2,1,190000,'슈페리어 트윈 디럭스','주니어 스위트','2025-11-30 15:39:00.111768',20,10,5),
(301,'15:00:00','11:00:00',1,'2025-11-30 15:39:00.112393',2,1,159000,'디럭스 트윈룸','싱글룸','2025-11-30 15:39:00.112393',21,10,5),
(302,'15:00:00','11:00:00',2,'2025-11-30 15:39:00.112940',2,1,200000,'시티뷰 스위트','더블룸','2025-11-30 15:39:00.112940',21,10,5),
(303,'15:00:00','11:00:00',4,'2025-11-30 15:39:00.113545',2,1,190000,'오션 브리즈룸','트윈룸','2025-11-30 15:39:00.113545',21,10,5),
(304,'15:00:00','11:00:00',5,'2025-11-30 15:39:00.114144',2,1,120000,'프리미엄 킹룸','트리플룸','2025-11-30 15:39:00.114144',21,10,5),
(305,'15:00:00','11:00:00',10,'2025-11-30 15:39:00.114667',2,1,89000,'가든뷰 더블룸','패밀리룸','2025-11-30 15:39:00.114667',21,10,5),
(306,'15:00:00','11:00:00',1,'2025-11-30 15:39:00.115157',2,1,234000,'마운틴뷰 스위트','디럭스룸','2025-11-30 15:39:00.115157',21,10,5),
(307,'15:00:00','11:00:00',2,'2025-11-30 15:39:00.115999',2,1,256000,'이그제큐티브 퀸룸','슈페리어룸','2025-11-30 15:39:00.115999',21,10,5),
(308,'15:00:00','11:00:00',4,'2025-11-30 15:39:00.116798',2,1,159000,'로열 패밀리 스위트','프리미엄룸','2025-11-30 15:39:00.116798',21,10,5),
(309,'15:00:00','11:00:00',5,'2025-11-30 15:39:00.117748',2,1,200000,'클래식 싱글룸','스위트룸','2025-11-30 15:39:00.117748',21,10,5),
(310,'15:00:00','11:00:00',10,'2025-11-30 15:39:00.118380',2,1,190000,'슈페리어 트윈 디럭스','주니어 스위트','2025-11-30 15:39:00.118380',21,10,5),
(311,'15:00:00','11:00:00',1,'2025-11-30 15:39:00.118918',2,1,159000,'디럭스 트윈룸','싱글룸','2025-11-30 15:39:00.118918',22,10,5),
(312,'15:00:00','11:00:00',2,'2025-11-30 15:39:00.119470',2,1,200000,'시티뷰 스위트','더블룸','2025-11-30 15:39:00.119470',22,10,5),
(313,'15:00:00','11:00:00',4,'2025-11-30 15:39:00.120034',2,1,190000,'오션 브리즈룸','트윈룸','2025-11-30 15:39:00.120034',22,10,5),
(314,'15:00:00','11:00:00',5,'2025-11-30 15:39:00.120579',2,1,120000,'프리미엄 킹룸','트리플룸','2025-11-30 15:39:00.120579',22,10,5),
(315,'15:00:00','11:00:00',10,'2025-11-30 15:39:00.121153',2,1,89000,'가든뷰 더블룸','패밀리룸','2025-11-30 15:39:00.121153',22,10,5),
(316,'15:00:00','11:00:00',1,'2025-11-30 15:39:00.121728',2,1,234000,'마운틴뷰 스위트','디럭스룸','2025-11-30 15:39:00.121728',22,10,5),
(317,'15:00:00','11:00:00',2,'2025-11-30 15:39:00.122275',2,1,256000,'이그제큐티브 퀸룸','슈페리어룸','2025-11-30 15:39:00.122275',22,10,5),
(318,'15:00:00','11:00:00',4,'2025-11-30 15:39:00.122782',2,1,159000,'로열 패밀리 스위트','프리미엄룸','2025-11-30 15:39:00.122782',22,10,5),
(319,'15:00:00','11:00:00',5,'2025-11-30 15:39:00.123335',2,1,200000,'클래식 싱글룸','스위트룸','2025-11-30 15:39:00.123335',22,10,5),
(320,'15:00:00','11:00:00',10,'2025-11-30 15:39:00.123853',2,1,190000,'슈페리어 트윈 디럭스','주니어 스위트','2025-11-30 15:39:00.123853',22,10,5),
(321,'15:00:00','11:00:00',1,'2025-11-30 15:39:00.124365',2,1,159000,'디럭스 트윈룸','싱글룸','2025-11-30 15:39:00.124365',23,10,5),
(322,'15:00:00','11:00:00',2,'2025-11-30 15:39:00.124842',2,1,200000,'시티뷰 스위트','더블룸','2025-11-30 15:39:00.124842',23,10,5),
(323,'15:00:00','11:00:00',4,'2025-11-30 15:39:00.125424',2,1,190000,'오션 브리즈룸','트윈룸','2025-11-30 15:39:00.125424',23,10,5),
(324,'15:00:00','11:00:00',5,'2025-11-30 15:39:00.125979',2,1,120000,'프리미엄 킹룸','트리플룸','2025-11-30 15:39:00.125979',23,10,5),
(325,'15:00:00','11:00:00',10,'2025-11-30 15:39:00.126552',2,1,89000,'가든뷰 더블룸','패밀리룸','2025-11-30 15:39:00.126552',23,10,5),
(326,'15:00:00','11:00:00',1,'2025-11-30 15:39:00.127085',2,1,234000,'마운틴뷰 스위트','디럭스룸','2025-11-30 15:39:00.127085',23,10,5),
(327,'15:00:00','11:00:00',2,'2025-11-30 15:39:00.127589',2,1,256000,'이그제큐티브 퀸룸','슈페리어룸','2025-11-30 15:39:00.127589',23,10,5),
(328,'15:00:00','11:00:00',4,'2025-11-30 15:39:00.128077',2,1,159000,'로열 패밀리 스위트','프리미엄룸','2025-11-30 15:39:00.128077',23,10,5),
(329,'15:00:00','11:00:00',5,'2025-11-30 15:39:00.128528',2,1,200000,'클래식 싱글룸','스위트룸','2025-11-30 15:39:00.128528',23,10,5),
(330,'15:00:00','11:00:00',10,'2025-11-30 15:39:00.129065',2,1,190000,'슈페리어 트윈 디럭스','주니어 스위트','2025-11-30 15:39:00.129065',23,10,5),
(331,'15:00:00','11:00:00',1,'2025-11-30 15:39:00.130919',2,1,159000,'디럭스 트윈룸','싱글룸','2025-11-30 15:39:00.130919',24,10,5),
(332,'15:00:00','11:00:00',2,'2025-11-30 15:39:00.131809',2,1,200000,'시티뷰 스위트','더블룸','2025-11-30 15:39:00.131809',24,10,5),
(333,'15:00:00','11:00:00',4,'2025-11-30 15:39:00.132362',2,1,190000,'오션 브리즈룸','트윈룸','2025-11-30 15:39:00.132362',24,10,5),
(334,'15:00:00','11:00:00',5,'2025-11-30 15:39:00.132924',2,1,120000,'프리미엄 킹룸','트리플룸','2025-11-30 15:39:00.132924',24,10,5),
(335,'15:00:00','11:00:00',10,'2025-11-30 15:39:00.133391',2,1,89000,'가든뷰 더블룸','패밀리룸','2025-11-30 15:39:00.133391',24,10,5),
(336,'15:00:00','11:00:00',1,'2025-11-30 15:39:00.133913',2,1,234000,'마운틴뷰 스위트','디럭스룸','2025-11-30 15:39:00.133913',24,10,5),
(337,'15:00:00','11:00:00',2,'2025-11-30 15:39:00.134503',2,1,256000,'이그제큐티브 퀸룸','슈페리어룸','2025-11-30 15:39:00.134503',24,10,5),
(338,'15:00:00','11:00:00',4,'2025-11-30 15:39:00.135038',2,1,159000,'로열 패밀리 스위트','프리미엄룸','2025-11-30 15:39:00.135038',24,10,5),
(339,'15:00:00','11:00:00',5,'2025-11-30 15:39:00.135503',2,1,200000,'클래식 싱글룸','스위트룸','2025-11-30 15:39:00.135503',24,10,5),
(340,'15:00:00','11:00:00',10,'2025-11-30 15:39:00.135991',2,1,190000,'슈페리어 트윈 디럭스','주니어 스위트','2025-11-30 15:39:00.135991',24,10,5),
(341,'15:00:00','11:00:00',1,'2025-11-30 15:39:00.136484',2,1,159000,'디럭스 트윈룸','싱글룸','2025-11-30 15:39:00.136484',25,10,5),
(342,'15:00:00','11:00:00',2,'2025-11-30 15:39:00.136964',2,1,200000,'시티뷰 스위트','더블룸','2025-11-30 15:39:00.136964',25,10,5),
(343,'15:00:00','11:00:00',4,'2025-11-30 15:39:00.137500',2,1,190000,'오션 브리즈룸','트윈룸','2025-11-30 15:39:00.137500',25,10,5),
(344,'15:00:00','11:00:00',5,'2025-11-30 15:39:00.138027',2,1,120000,'프리미엄 킹룸','트리플룸','2025-11-30 15:39:00.138027',25,10,5),
(345,'15:00:00','11:00:00',10,'2025-11-30 15:39:00.138515',2,1,89000,'가든뷰 더블룸','패밀리룸','2025-11-30 15:39:00.138515',25,10,5),
(346,'15:00:00','11:00:00',1,'2025-11-30 15:39:00.139016',2,1,234000,'마운틴뷰 스위트','디럭스룸','2025-11-30 15:39:00.139016',25,10,5),
(347,'15:00:00','11:00:00',2,'2025-11-30 15:39:00.139533',2,1,256000,'이그제큐티브 퀸룸','슈페리어룸','2025-11-30 15:39:00.139533',25,10,5),
(348,'15:00:00','11:00:00',4,'2025-11-30 15:39:00.139975',2,1,159000,'로열 패밀리 스위트','프리미엄룸','2025-11-30 15:39:00.139975',25,10,5),
(349,'15:00:00','11:00:00',5,'2025-11-30 15:39:00.140431',2,1,200000,'클래식 싱글룸','스위트룸','2025-11-30 15:39:00.140431',25,10,5),
(350,'15:00:00','11:00:00',10,'2025-11-30 15:39:00.140871',2,1,190000,'슈페리어 트윈 디럭스','주니어 스위트','2025-11-30 15:39:00.140871',25,10,5),
(351,'15:00:00','11:00:00',1,'2025-11-30 15:39:00.141387',2,1,159000,'디럭스 트윈룸','싱글룸','2025-11-30 15:39:00.141387',26,10,5),
(352,'15:00:00','11:00:00',2,'2025-11-30 15:39:00.141882',2,1,200000,'시티뷰 스위트','더블룸','2025-11-30 15:39:00.141882',26,10,5),
(353,'15:00:00','11:00:00',4,'2025-11-30 15:39:00.142532',2,1,190000,'오션 브리즈룸','트윈룸','2025-11-30 15:39:00.142532',26,10,5),
(354,'15:00:00','11:00:00',5,'2025-11-30 15:39:00.143331',2,1,120000,'프리미엄 킹룸','트리플룸','2025-11-30 15:39:00.143331',26,10,5),
(355,'15:00:00','11:00:00',10,'2025-11-30 15:39:00.144232',2,1,89000,'가든뷰 더블룸','패밀리룸','2025-11-30 15:39:00.144232',26,10,5),
(356,'15:00:00','11:00:00',1,'2025-11-30 15:39:00.144959',2,1,234000,'마운틴뷰 스위트','디럭스룸','2025-11-30 15:39:00.144959',26,10,5),
(357,'15:00:00','11:00:00',2,'2025-11-30 15:39:00.145796',2,1,256000,'이그제큐티브 퀸룸','슈페리어룸','2025-11-30 15:39:00.145796',26,10,5),
(358,'15:00:00','11:00:00',4,'2025-11-30 15:39:00.146444',2,1,159000,'로열 패밀리 스위트','프리미엄룸','2025-11-30 15:39:00.146444',26,10,5),
(359,'15:00:00','11:00:00',5,'2025-11-30 15:39:00.147552',2,1,200000,'클래식 싱글룸','스위트룸','2025-11-30 15:39:00.147552',26,10,5),
(360,'15:00:00','11:00:00',10,'2025-11-30 15:39:00.148473',2,1,190000,'슈페리어 트윈 디럭스','주니어 스위트','2025-11-30 15:39:00.148473',26,10,5),
(361,'15:00:00','11:00:00',1,'2025-11-30 15:39:00.149236',2,1,159000,'디럭스 트윈룸','싱글룸','2025-11-30 15:39:00.149236',27,10,5),
(362,'15:00:00','11:00:00',2,'2025-11-30 15:39:00.149791',2,1,200000,'시티뷰 스위트','더블룸','2025-11-30 15:39:00.149791',27,10,5),
(363,'15:00:00','11:00:00',4,'2025-11-30 15:39:00.150485',2,1,190000,'오션 브리즈룸','트윈룸','2025-11-30 15:39:00.150485',27,10,5),
(364,'15:00:00','11:00:00',5,'2025-11-30 15:39:00.151362',2,1,120000,'프리미엄 킹룸','트리플룸','2025-11-30 15:39:00.151362',27,10,5),
(365,'15:00:00','11:00:00',10,'2025-11-30 15:39:00.152541',2,1,89000,'가든뷰 더블룸','패밀리룸','2025-11-30 15:39:00.152541',27,10,5),
(366,'15:00:00','11:00:00',1,'2025-11-30 15:39:00.153549',2,1,234000,'마운틴뷰 스위트','디럭스룸','2025-11-30 15:39:00.153549',27,10,5),
(367,'15:00:00','11:00:00',2,'2025-11-30 15:39:00.154283',2,1,256000,'이그제큐티브 퀸룸','슈페리어룸','2025-11-30 15:39:00.154283',27,10,5),
(368,'15:00:00','11:00:00',4,'2025-11-30 15:39:00.155128',2,1,159000,'로열 패밀리 스위트','프리미엄룸','2025-11-30 15:39:00.155128',27,10,5),
(369,'15:00:00','11:00:00',5,'2025-11-30 15:39:00.156237',2,1,200000,'클래식 싱글룸','스위트룸','2025-11-30 15:39:00.156237',27,10,5),
(370,'15:00:00','11:00:00',10,'2025-11-30 15:39:00.157492',2,1,190000,'슈페리어 트윈 디럭스','주니어 스위트','2025-11-30 15:39:00.157492',27,10,5),
(371,'15:00:00','11:00:00',1,'2025-11-30 15:39:00.158252',2,1,159000,'디럭스 트윈룸','싱글룸','2025-11-30 15:39:00.158252',28,10,5),
(372,'15:00:00','11:00:00',2,'2025-11-30 15:39:00.159267',2,1,200000,'시티뷰 스위트','더블룸','2025-11-30 15:39:00.159267',28,10,5),
(373,'15:00:00','11:00:00',4,'2025-11-30 15:39:00.160763',2,1,190000,'오션 브리즈룸','트윈룸','2025-11-30 15:39:00.160763',28,10,5),
(374,'15:00:00','11:00:00',5,'2025-11-30 15:39:00.161741',2,1,120000,'프리미엄 킹룸','트리플룸','2025-11-30 15:39:00.161741',28,10,5),
(375,'15:00:00','11:00:00',10,'2025-11-30 15:39:00.162400',2,1,89000,'가든뷰 더블룸','패밀리룸','2025-11-30 15:39:00.162400',28,10,5),
(376,'15:00:00','11:00:00',1,'2025-11-30 15:39:00.163062',2,1,234000,'마운틴뷰 스위트','디럭스룸','2025-11-30 15:39:00.163062',28,10,5),
(377,'15:00:00','11:00:00',2,'2025-11-30 15:39:00.163901',2,1,256000,'이그제큐티브 퀸룸','슈페리어룸','2025-11-30 15:39:00.163901',28,10,5),
(378,'15:00:00','11:00:00',4,'2025-11-30 15:39:00.165082',2,1,159000,'로열 패밀리 스위트','프리미엄룸','2025-11-30 15:39:00.165082',28,10,5),
(379,'15:00:00','11:00:00',5,'2025-11-30 15:39:00.165866',2,1,200000,'클래식 싱글룸','스위트룸','2025-11-30 15:39:00.165866',28,10,5),
(380,'15:00:00','11:00:00',10,'2025-11-30 15:39:00.166570',2,1,190000,'슈페리어 트윈 디럭스','주니어 스위트','2025-11-30 15:39:00.166570',28,10,5),
(381,'15:00:00','11:00:00',1,'2025-11-30 15:39:00.167736',2,1,159000,'디럭스 트윈룸','싱글룸','2025-11-30 15:39:00.167736',29,10,5),
(382,'15:00:00','11:00:00',2,'2025-11-30 15:39:00.169050',2,1,200000,'시티뷰 스위트','더블룸','2025-11-30 15:39:00.169050',29,10,5),
(383,'15:00:00','11:00:00',4,'2025-11-30 15:39:00.170150',2,1,190000,'오션 브리즈룸','트윈룸','2025-11-30 15:39:00.170150',29,10,5),
(384,'15:00:00','11:00:00',5,'2025-11-30 15:39:00.170987',2,1,120000,'프리미엄 킹룸','트리플룸','2025-11-30 15:39:00.170987',29,10,5),
(385,'15:00:00','11:00:00',10,'2025-11-30 15:39:00.171734',2,1,89000,'가든뷰 더블룸','패밀리룸','2025-11-30 15:39:00.171734',29,10,5),
(386,'15:00:00','11:00:00',1,'2025-11-30 15:39:00.172903',2,1,234000,'마운틴뷰 스위트','디럭스룸','2025-11-30 15:39:00.172903',29,10,5),
(387,'15:00:00','11:00:00',2,'2025-11-30 15:39:00.173548',2,1,256000,'이그제큐티브 퀸룸','슈페리어룸','2025-11-30 15:39:00.173548',29,10,5),
(388,'15:00:00','11:00:00',4,'2025-11-30 15:39:00.174094',2,1,159000,'로열 패밀리 스위트','프리미엄룸','2025-11-30 15:39:00.174094',29,10,5),
(389,'15:00:00','11:00:00',5,'2025-11-30 15:39:00.174731',2,1,200000,'클래식 싱글룸','스위트룸','2025-11-30 15:39:00.174731',29,10,5),
(390,'15:00:00','11:00:00',10,'2025-11-30 15:39:00.175527',2,1,190000,'슈페리어 트윈 디럭스','주니어 스위트','2025-11-30 15:39:00.175527',29,10,5),
(391,'15:00:00','11:00:00',1,'2025-11-30 15:39:00.176182',2,1,159000,'디럭스 트윈룸','싱글룸','2025-11-30 15:39:00.176182',30,10,5),
(392,'15:00:00','11:00:00',2,'2025-11-30 15:39:00.177142',2,1,200000,'시티뷰 스위트','더블룸','2025-11-30 15:39:00.177142',30,10,5),
(393,'15:00:00','11:00:00',4,'2025-11-30 15:39:00.178161',2,1,190000,'오션 브리즈룸','트윈룸','2025-11-30 15:39:00.178161',30,10,5),
(394,'15:00:00','11:00:00',5,'2025-11-30 15:39:00.178756',2,1,120000,'프리미엄 킹룸','트리플룸','2025-11-30 15:39:00.178756',30,10,5),
(395,'15:00:00','11:00:00',10,'2025-11-30 15:39:00.179279',2,1,89000,'가든뷰 더블룸','패밀리룸','2025-11-30 15:39:00.179279',30,10,5),
(396,'15:00:00','11:00:00',1,'2025-11-30 15:39:00.179820',2,1,234000,'마운틴뷰 스위트','디럭스룸','2025-11-30 15:39:00.179820',30,10,5),
(397,'15:00:00','11:00:00',2,'2025-11-30 15:39:00.180377',2,1,256000,'이그제큐티브 퀸룸','슈페리어룸','2025-11-30 15:39:00.180377',30,10,5),
(398,'15:00:00','11:00:00',4,'2025-11-30 15:39:00.181038',2,1,159000,'로열 패밀리 스위트','프리미엄룸','2025-11-30 15:39:00.181038',30,10,5),
(399,'15:00:00','11:00:00',5,'2025-11-30 15:39:00.181899',2,1,200000,'클래식 싱글룸','스위트룸','2025-11-30 15:39:00.181899',30,10,5),
(400,'15:00:00','11:00:00',10,'2025-11-30 15:39:00.182726',2,1,190000,'슈페리어 트윈 디럭스','주니어 스위트','2025-11-30 15:39:00.182726',30,10,5),
(401,'15:00:00','11:00:00',1,'2025-11-30 15:39:00.183369',2,1,159000,'디럭스 트윈룸','싱글룸','2025-11-30 15:39:00.183369',31,10,5),
(402,'15:00:00','11:00:00',2,'2025-11-30 15:39:00.184034',2,1,200000,'시티뷰 스위트','더블룸','2025-11-30 15:39:00.184034',31,10,5),
(403,'15:00:00','11:00:00',4,'2025-11-30 15:39:00.184706',2,1,190000,'오션 브리즈룸','트윈룸','2025-11-30 15:39:00.184706',31,10,5),
(404,'15:00:00','11:00:00',5,'2025-11-30 15:39:00.185395',2,1,120000,'프리미엄 킹룸','트리플룸','2025-11-30 15:39:00.185395',31,10,5),
(405,'15:00:00','11:00:00',10,'2025-11-30 15:39:00.186198',2,1,89000,'가든뷰 더블룸','패밀리룸','2025-11-30 15:39:00.186198',31,10,5),
(406,'15:00:00','11:00:00',1,'2025-11-30 15:39:00.186861',2,1,234000,'마운틴뷰 스위트','디럭스룸','2025-11-30 15:39:00.186861',31,10,5),
(407,'15:00:00','11:00:00',2,'2025-11-30 15:39:00.187454',2,1,256000,'이그제큐티브 퀸룸','슈페리어룸','2025-11-30 15:39:00.187454',31,10,5),
(408,'15:00:00','11:00:00',4,'2025-11-30 15:39:00.187976',2,1,159000,'로열 패밀리 스위트','프리미엄룸','2025-11-30 15:39:00.187976',31,10,5),
(409,'15:00:00','11:00:00',5,'2025-11-30 15:39:00.188616',2,1,200000,'클래식 싱글룸','스위트룸','2025-11-30 15:39:00.188616',31,10,5),
(410,'15:00:00','11:00:00',10,'2025-11-30 15:39:00.189836',2,1,190000,'슈페리어 트윈 디럭스','주니어 스위트','2025-11-30 15:39:00.189836',31,10,5),
(411,'15:00:00','11:00:00',1,'2025-11-30 15:39:00.190979',2,1,159000,'디럭스 트윈룸','싱글룸','2025-11-30 15:39:00.190979',32,10,5),
(412,'15:00:00','11:00:00',2,'2025-11-30 15:39:00.191681',2,1,200000,'시티뷰 스위트','더블룸','2025-11-30 15:39:00.191681',32,10,5),
(413,'15:00:00','11:00:00',4,'2025-11-30 15:39:00.192538',2,1,190000,'오션 브리즈룸','트윈룸','2025-11-30 15:39:00.192538',32,10,5),
(414,'15:00:00','11:00:00',5,'2025-11-30 15:39:00.193587',2,1,120000,'프리미엄 킹룸','트리플룸','2025-11-30 15:39:00.193587',32,10,5),
(415,'15:00:00','11:00:00',10,'2025-11-30 15:39:00.194577',2,1,89000,'가든뷰 더블룸','패밀리룸','2025-11-30 15:39:00.194577',32,10,5),
(416,'15:00:00','11:00:00',1,'2025-11-30 15:39:00.195391',2,1,234000,'마운틴뷰 스위트','디럭스룸','2025-11-30 15:39:00.195391',32,10,5),
(417,'15:00:00','11:00:00',2,'2025-11-30 15:39:00.195966',2,1,256000,'이그제큐티브 퀸룸','슈페리어룸','2025-11-30 15:39:00.195966',32,10,5),
(418,'15:00:00','11:00:00',4,'2025-11-30 15:39:00.196480',2,1,159000,'로열 패밀리 스위트','프리미엄룸','2025-11-30 15:39:00.196480',32,10,5),
(419,'15:00:00','11:00:00',5,'2025-11-30 15:39:00.197030',2,1,200000,'클래식 싱글룸','스위트룸','2025-11-30 15:39:00.197030',32,10,5),
(420,'15:00:00','11:00:00',10,'2025-11-30 15:39:00.197868',2,1,190000,'슈페리어 트윈 디럭스','주니어 스위트','2025-11-30 15:39:00.197868',32,10,5),
(421,'15:00:00','11:00:00',1,'2025-11-30 20:29:21.609300',2,1,159000,'디럭스 트윈룸','싱글룸','2025-11-30 20:29:21.609300',1,10,5),
(422,'15:00:00','11:00:00',2,'2025-11-30 20:29:21.626780',2,1,200000,'시티뷰 스위트','더블룸','2025-11-30 20:29:21.626780',1,10,5),
(423,'15:00:00','11:00:00',4,'2025-11-30 20:29:21.629105',2,1,190000,'오션 브리즈룸','트윈룸','2025-11-30 20:29:21.629105',1,10,5),
(424,'15:00:00','11:00:00',5,'2025-11-30 20:29:21.630375',2,1,120000,'프리미엄 킹룸','트리플룸','2025-11-30 20:29:21.630375',1,10,5),
(425,'15:00:00','11:00:00',10,'2025-11-30 20:29:21.631922',2,1,89000,'가든뷰 더블룸','패밀리룸','2025-11-30 20:29:21.631922',1,10,5),
(426,'15:00:00','11:00:00',1,'2025-11-30 20:29:21.633595',2,1,234000,'마운틴뷰 스위트','디럭스룸','2025-11-30 20:29:21.633595',1,10,5),
(427,'15:00:00','11:00:00',2,'2025-11-30 20:29:21.636120',2,1,256000,'이그제큐티브 퀸룸','슈페리어룸','2025-11-30 20:29:21.636120',1,10,5),
(428,'15:00:00','11:00:00',4,'2025-11-30 20:29:21.637679',2,1,159000,'로열 패밀리 스위트','프리미엄룸','2025-11-30 20:29:21.637679',1,10,5),
(429,'15:00:00','11:00:00',5,'2025-11-30 20:29:21.640015',2,1,200000,'클래식 싱글룸','스위트룸','2025-11-30 20:29:21.640015',1,10,5),
(430,'15:00:00','11:00:00',10,'2025-11-30 20:29:21.642080',2,1,190000,'슈페리어 트윈 디럭스','주니어 스위트','2025-11-30 20:29:21.642080',1,10,5),
(431,'15:00:00','11:00:00',1,'2025-11-30 20:29:21.644265',2,1,159000,'디럭스 트윈룸','싱글룸','2025-11-30 20:29:21.644265',2,10,5),
(432,'15:00:00','11:00:00',2,'2025-11-30 20:29:21.645448',2,1,200000,'시티뷰 스위트','더블룸','2025-11-30 20:29:21.645448',2,10,5),
(433,'15:00:00','11:00:00',4,'2025-11-30 20:29:21.646505',2,1,190000,'오션 브리즈룸','트윈룸','2025-11-30 20:29:21.646505',2,10,5),
(434,'15:00:00','11:00:00',5,'2025-11-30 20:29:21.647907',2,1,120000,'프리미엄 킹룸','트리플룸','2025-11-30 20:29:21.647907',2,10,5),
(435,'15:00:00','11:00:00',10,'2025-11-30 20:29:21.649344',2,1,89000,'가든뷰 더블룸','패밀리룸','2025-11-30 20:29:21.649344',2,10,5),
(436,'15:00:00','11:00:00',1,'2025-11-30 20:29:21.651240',2,1,234000,'마운틴뷰 스위트','디럭스룸','2025-11-30 20:29:21.651240',2,10,5),
(437,'15:00:00','11:00:00',2,'2025-11-30 20:29:21.652859',2,1,256000,'이그제큐티브 퀸룸','슈페리어룸','2025-11-30 20:29:21.652859',2,10,5),
(438,'15:00:00','11:00:00',4,'2025-11-30 20:29:21.653813',2,1,159000,'로열 패밀리 스위트','프리미엄룸','2025-11-30 20:29:21.653813',2,10,5),
(439,'15:00:00','11:00:00',5,'2025-11-30 20:29:21.654678',2,1,200000,'클래식 싱글룸','스위트룸','2025-11-30 20:29:21.654678',2,10,5),
(440,'15:00:00','11:00:00',10,'2025-11-30 20:29:21.655659',2,1,190000,'슈페리어 트윈 디럭스','주니어 스위트','2025-11-30 20:29:21.655659',2,10,5),
(441,'15:00:00','11:00:00',1,'2025-11-30 20:29:21.656932',2,1,159000,'디럭스 트윈룸','싱글룸','2025-11-30 20:29:21.656932',3,10,5),
(442,'15:00:00','11:00:00',2,'2025-11-30 20:29:21.658086',2,1,200000,'시티뷰 스위트','더블룸','2025-11-30 20:29:21.658086',3,10,5),
(443,'15:00:00','11:00:00',4,'2025-11-30 20:29:21.659076',2,1,190000,'오션 브리즈룸','트윈룸','2025-11-30 20:29:21.659076',3,10,5),
(444,'15:00:00','11:00:00',5,'2025-11-30 20:29:21.660539',2,1,120000,'프리미엄 킹룸','트리플룸','2025-11-30 20:29:21.660539',3,10,5),
(445,'15:00:00','11:00:00',10,'2025-11-30 20:29:21.661568',2,1,89000,'가든뷰 더블룸','패밀리룸','2025-11-30 20:29:21.661568',3,10,5),
(446,'15:00:00','11:00:00',1,'2025-11-30 20:29:21.662414',2,1,234000,'마운틴뷰 스위트','디럭스룸','2025-11-30 20:29:21.662414',3,10,5),
(447,'15:00:00','11:00:00',2,'2025-11-30 20:29:21.663431',2,1,256000,'이그제큐티브 퀸룸','슈페리어룸','2025-11-30 20:29:21.663431',3,10,5),
(448,'15:00:00','11:00:00',4,'2025-11-30 20:29:21.664572',2,1,159000,'로열 패밀리 스위트','프리미엄룸','2025-11-30 20:29:21.664572',3,10,5),
(449,'15:00:00','11:00:00',5,'2025-11-30 20:29:21.665651',2,1,200000,'클래식 싱글룸','스위트룸','2025-11-30 20:29:21.665651',3,10,5),
(450,'15:00:00','11:00:00',10,'2025-11-30 20:29:21.666766',2,1,190000,'슈페리어 트윈 디럭스','주니어 스위트','2025-11-30 20:29:21.666766',3,10,5),
(451,'15:00:00','11:00:00',1,'2025-11-30 20:29:21.668333',2,1,159000,'디럭스 트윈룸','싱글룸','2025-11-30 20:29:21.668333',4,10,5),
(452,'15:00:00','11:00:00',2,'2025-11-30 20:29:21.669475',2,1,200000,'시티뷰 스위트','더블룸','2025-11-30 20:29:21.669475',4,10,5),
(453,'15:00:00','11:00:00',4,'2025-11-30 20:29:21.670349',2,1,190000,'오션 브리즈룸','트윈룸','2025-11-30 20:29:21.670349',4,10,5),
(454,'15:00:00','11:00:00',5,'2025-11-30 20:29:21.671608',2,1,120000,'프리미엄 킹룸','트리플룸','2025-11-30 20:29:21.671608',4,10,5),
(455,'15:00:00','11:00:00',10,'2025-11-30 20:29:21.672863',2,1,89000,'가든뷰 더블룸','패밀리룸','2025-11-30 20:29:21.672863',4,10,5),
(456,'15:00:00','11:00:00',1,'2025-11-30 20:29:21.673991',2,1,234000,'마운틴뷰 스위트','디럭스룸','2025-11-30 20:29:21.673991',4,10,5),
(457,'15:00:00','11:00:00',2,'2025-11-30 20:29:21.675172',2,1,256000,'이그제큐티브 퀸룸','슈페리어룸','2025-11-30 20:29:21.675172',4,10,5),
(458,'15:00:00','11:00:00',4,'2025-11-30 20:29:21.676311',2,1,159000,'로열 패밀리 스위트','프리미엄룸','2025-11-30 20:29:21.676311',4,10,5),
(459,'15:00:00','11:00:00',5,'2025-11-30 20:29:21.677440',2,1,200000,'클래식 싱글룸','스위트룸','2025-11-30 20:29:21.677440',4,10,5),
(460,'15:00:00','11:00:00',10,'2025-11-30 20:29:21.678394',2,1,190000,'슈페리어 트윈 디럭스','주니어 스위트','2025-11-30 20:29:21.678394',4,10,5),
(461,'15:00:00','11:00:00',1,'2025-11-30 20:29:21.679532',2,1,159000,'디럭스 트윈룸','싱글룸','2025-11-30 20:29:21.679532',5,10,5),
(462,'15:00:00','11:00:00',2,'2025-11-30 20:29:21.681046',2,1,200000,'시티뷰 스위트','더블룸','2025-11-30 20:29:21.681046',5,10,5),
(463,'15:00:00','11:00:00',4,'2025-11-30 20:29:21.683812',2,1,190000,'오션 브리즈룸','트윈룸','2025-11-30 20:29:21.683812',5,10,5),
(464,'15:00:00','11:00:00',5,'2025-11-30 20:29:21.685839',2,1,120000,'프리미엄 킹룸','트리플룸','2025-11-30 20:29:21.685839',5,10,5),
(465,'15:00:00','11:00:00',10,'2025-11-30 20:29:21.686902',2,1,89000,'가든뷰 더블룸','패밀리룸','2025-11-30 20:29:21.686902',5,10,5),
(466,'15:00:00','11:00:00',1,'2025-11-30 20:29:21.687859',2,1,234000,'마운틴뷰 스위트','디럭스룸','2025-11-30 20:29:21.687859',5,10,5),
(467,'15:00:00','11:00:00',2,'2025-11-30 20:29:21.689268',2,1,256000,'이그제큐티브 퀸룸','슈페리어룸','2025-11-30 20:29:21.689268',5,10,5),
(468,'15:00:00','11:00:00',4,'2025-11-30 20:29:21.690793',2,1,159000,'로열 패밀리 스위트','프리미엄룸','2025-11-30 20:29:21.690793',5,10,5),
(469,'15:00:00','11:00:00',5,'2025-11-30 20:29:21.692917',2,1,200000,'클래식 싱글룸','스위트룸','2025-11-30 20:29:21.692917',5,10,5),
(470,'15:00:00','11:00:00',10,'2025-11-30 20:29:21.694794',2,1,190000,'슈페리어 트윈 디럭스','주니어 스위트','2025-11-30 20:29:21.694794',5,10,5),
(471,'15:00:00','11:00:00',1,'2025-11-30 20:29:21.695720',2,1,159000,'디럭스 트윈룸','싱글룸','2025-11-30 20:29:21.695720',6,10,5),
(472,'15:00:00','11:00:00',2,'2025-11-30 20:29:21.696774',2,1,200000,'시티뷰 스위트','더블룸','2025-11-30 20:29:21.696774',6,10,5),
(473,'15:00:00','11:00:00',4,'2025-11-30 20:29:21.697713',2,1,190000,'오션 브리즈룸','트윈룸','2025-11-30 20:29:21.697713',6,10,5),
(474,'15:00:00','11:00:00',5,'2025-11-30 20:29:21.698613',2,1,120000,'프리미엄 킹룸','트리플룸','2025-11-30 20:29:21.698613',6,10,5),
(475,'15:00:00','11:00:00',10,'2025-11-30 20:29:21.699876',2,1,89000,'가든뷰 더블룸','패밀리룸','2025-11-30 20:29:21.699876',6,10,5),
(476,'15:00:00','11:00:00',1,'2025-11-30 20:29:21.701506',2,1,234000,'마운틴뷰 스위트','디럭스룸','2025-11-30 20:29:21.701506',6,10,5),
(477,'15:00:00','11:00:00',2,'2025-11-30 20:29:21.702523',2,1,256000,'이그제큐티브 퀸룸','슈페리어룸','2025-11-30 20:29:21.702523',6,10,5),
(478,'15:00:00','11:00:00',4,'2025-11-30 20:29:21.703267',2,1,159000,'로열 패밀리 스위트','프리미엄룸','2025-11-30 20:29:21.703267',6,10,5),
(479,'15:00:00','11:00:00',5,'2025-11-30 20:29:21.704033',2,1,200000,'클래식 싱글룸','스위트룸','2025-11-30 20:29:21.704033',6,10,5),
(480,'15:00:00','11:00:00',10,'2025-11-30 20:29:21.704968',2,1,190000,'슈페리어 트윈 디럭스','주니어 스위트','2025-11-30 20:29:21.704968',6,10,5),
(481,'15:00:00','11:00:00',1,'2025-11-30 20:29:21.705712',2,1,159000,'디럭스 트윈룸','싱글룸','2025-11-30 20:29:21.705712',7,10,5),
(482,'15:00:00','11:00:00',2,'2025-11-30 20:29:21.706835',2,1,200000,'시티뷰 스위트','더블룸','2025-11-30 20:29:21.706835',7,10,5),
(483,'15:00:00','11:00:00',4,'2025-11-30 20:29:21.708011',2,1,190000,'오션 브리즈룸','트윈룸','2025-11-30 20:29:21.708011',7,10,5),
(484,'15:00:00','11:00:00',5,'2025-11-30 20:29:21.709056',2,1,120000,'프리미엄 킹룸','트리플룸','2025-11-30 20:29:21.709056',7,10,5),
(485,'15:00:00','11:00:00',10,'2025-11-30 20:29:21.709961',2,1,89000,'가든뷰 더블룸','패밀리룸','2025-11-30 20:29:21.709961',7,10,5),
(486,'15:00:00','11:00:00',1,'2025-11-30 20:29:21.711158',2,1,234000,'마운틴뷰 스위트','디럭스룸','2025-11-30 20:29:21.711158',7,10,5),
(487,'15:00:00','11:00:00',2,'2025-11-30 20:29:21.711938',2,1,256000,'이그제큐티브 퀸룸','슈페리어룸','2025-11-30 20:29:21.711938',7,10,5),
(488,'15:00:00','11:00:00',4,'2025-11-30 20:29:21.712698',2,1,159000,'로열 패밀리 스위트','프리미엄룸','2025-11-30 20:29:21.712698',7,10,5),
(489,'15:00:00','11:00:00',5,'2025-11-30 20:29:21.713392',2,1,200000,'클래식 싱글룸','스위트룸','2025-11-30 20:29:21.713392',7,10,5),
(490,'15:00:00','11:00:00',10,'2025-11-30 20:29:21.714114',2,1,190000,'슈페리어 트윈 디럭스','주니어 스위트','2025-11-30 20:29:21.714114',7,10,5),
(491,'15:00:00','11:00:00',1,'2025-11-30 20:29:21.714880',2,1,159000,'디럭스 트윈룸','싱글룸','2025-11-30 20:29:21.714880',8,10,5),
(492,'15:00:00','11:00:00',2,'2025-11-30 20:29:21.715987',2,1,200000,'시티뷰 스위트','더블룸','2025-11-30 20:29:21.715987',8,10,5),
(493,'15:00:00','11:00:00',4,'2025-11-30 20:29:21.717124',2,1,190000,'오션 브리즈룸','트윈룸','2025-11-30 20:29:21.717124',8,10,5),
(494,'15:00:00','11:00:00',5,'2025-11-30 20:29:21.717949',2,1,120000,'프리미엄 킹룸','트리플룸','2025-11-30 20:29:21.717949',8,10,5),
(495,'15:00:00','11:00:00',10,'2025-11-30 20:29:21.718616',2,1,89000,'가든뷰 더블룸','패밀리룸','2025-11-30 20:29:21.718616',8,10,5),
(496,'15:00:00','11:00:00',1,'2025-11-30 20:29:21.719282',2,1,234000,'마운틴뷰 스위트','디럭스룸','2025-11-30 20:29:21.719282',8,10,5),
(497,'15:00:00','11:00:00',2,'2025-11-30 20:29:21.719912',2,1,256000,'이그제큐티브 퀸룸','슈페리어룸','2025-11-30 20:29:21.719912',8,10,5),
(498,'15:00:00','11:00:00',4,'2025-11-30 20:29:21.720613',2,1,159000,'로열 패밀리 스위트','프리미엄룸','2025-11-30 20:29:21.720613',8,10,5),
(499,'15:00:00','11:00:00',5,'2025-11-30 20:29:21.721293',2,1,200000,'클래식 싱글룸','스위트룸','2025-11-30 20:29:21.721293',8,10,5),
(500,'15:00:00','11:00:00',10,'2025-11-30 20:29:21.722031',2,1,190000,'슈페리어 트윈 디럭스','주니어 스위트','2025-11-30 20:29:21.722031',8,10,5),
(501,'15:00:00','11:00:00',1,'2025-11-30 20:29:21.722680',2,1,159000,'디럭스 트윈룸','싱글룸','2025-11-30 20:29:21.722680',9,10,5),
(502,'15:00:00','11:00:00',2,'2025-11-30 20:29:21.723474',2,1,200000,'시티뷰 스위트','더블룸','2025-11-30 20:29:21.723474',9,10,5),
(503,'15:00:00','11:00:00',4,'2025-11-30 20:29:21.724308',2,1,190000,'오션 브리즈룸','트윈룸','2025-11-30 20:29:21.724308',9,10,5),
(504,'15:00:00','11:00:00',5,'2025-11-30 20:29:21.725049',2,1,120000,'프리미엄 킹룸','트리플룸','2025-11-30 20:29:21.725049',9,10,5),
(505,'15:00:00','11:00:00',10,'2025-11-30 20:29:21.725761',2,1,89000,'가든뷰 더블룸','패밀리룸','2025-11-30 20:29:21.725761',9,10,5),
(506,'15:00:00','11:00:00',1,'2025-11-30 20:29:21.726528',2,1,234000,'마운틴뷰 스위트','디럭스룸','2025-11-30 20:29:21.726528',9,10,5),
(507,'15:00:00','11:00:00',2,'2025-11-30 20:29:21.727287',2,1,256000,'이그제큐티브 퀸룸','슈페리어룸','2025-11-30 20:29:21.727287',9,10,5),
(508,'15:00:00','11:00:00',4,'2025-11-30 20:29:21.728020',2,1,159000,'로열 패밀리 스위트','프리미엄룸','2025-11-30 20:29:21.728020',9,10,5),
(509,'15:00:00','11:00:00',5,'2025-11-30 20:29:21.728673',2,1,200000,'클래식 싱글룸','스위트룸','2025-11-30 20:29:21.728673',9,10,5),
(510,'15:00:00','11:00:00',10,'2025-11-30 20:29:21.729333',2,1,190000,'슈페리어 트윈 디럭스','주니어 스위트','2025-11-30 20:29:21.729333',9,10,5),
(511,'15:00:00','11:00:00',1,'2025-11-30 20:29:21.729960',2,1,159000,'디럭스 트윈룸','싱글룸','2025-11-30 20:29:21.729960',10,10,5),
(512,'15:00:00','11:00:00',2,'2025-11-30 20:29:21.730614',2,1,200000,'시티뷰 스위트','더블룸','2025-11-30 20:29:21.730614',10,10,5),
(513,'15:00:00','11:00:00',4,'2025-11-30 20:29:21.731243',2,1,190000,'오션 브리즈룸','트윈룸','2025-11-30 20:29:21.731243',10,10,5),
(514,'15:00:00','11:00:00',5,'2025-11-30 20:29:21.731952',2,1,120000,'프리미엄 킹룸','트리플룸','2025-11-30 20:29:21.731952',10,10,5),
(515,'15:00:00','11:00:00',10,'2025-11-30 20:29:21.732669',2,1,89000,'가든뷰 더블룸','패밀리룸','2025-11-30 20:29:21.732669',10,10,5),
(516,'15:00:00','11:00:00',1,'2025-11-30 20:29:21.733385',2,1,234000,'마운틴뷰 스위트','디럭스룸','2025-11-30 20:29:21.733385',10,10,5),
(517,'15:00:00','11:00:00',2,'2025-11-30 20:29:21.734306',2,1,256000,'이그제큐티브 퀸룸','슈페리어룸','2025-11-30 20:29:21.734306',10,10,5),
(518,'15:00:00','11:00:00',4,'2025-11-30 20:29:21.735197',2,1,159000,'로열 패밀리 스위트','프리미엄룸','2025-11-30 20:29:21.735197',10,10,5),
(519,'15:00:00','11:00:00',5,'2025-11-30 20:29:21.735952',2,1,200000,'클래식 싱글룸','스위트룸','2025-11-30 20:29:21.735952',10,10,5),
(520,'15:00:00','11:00:00',10,'2025-11-30 20:29:21.736626',2,1,190000,'슈페리어 트윈 디럭스','주니어 스위트','2025-11-30 20:29:21.736626',10,10,5),
(521,'15:00:00','11:00:00',1,'2025-11-30 20:29:21.737496',2,1,159000,'디럭스 트윈룸','싱글룸','2025-11-30 20:29:21.737496',11,10,5),
(522,'15:00:00','11:00:00',2,'2025-11-30 20:29:21.738170',2,1,200000,'시티뷰 스위트','더블룸','2025-11-30 20:29:21.738170',11,10,5),
(523,'15:00:00','11:00:00',4,'2025-11-30 20:29:21.738851',2,1,190000,'오션 브리즈룸','트윈룸','2025-11-30 20:29:21.738851',11,10,5),
(524,'15:00:00','11:00:00',5,'2025-11-30 20:29:21.739458',2,1,120000,'프리미엄 킹룸','트리플룸','2025-11-30 20:29:21.739458',11,10,5),
(525,'15:00:00','11:00:00',10,'2025-11-30 20:29:21.740111',2,1,89000,'가든뷰 더블룸','패밀리룸','2025-11-30 20:29:21.740111',11,10,5),
(526,'15:00:00','11:00:00',1,'2025-11-30 20:29:21.740811',2,1,234000,'마운틴뷰 스위트','디럭스룸','2025-11-30 20:29:21.740811',11,10,5),
(527,'15:00:00','11:00:00',2,'2025-11-30 20:29:21.741450',2,1,256000,'이그제큐티브 퀸룸','슈페리어룸','2025-11-30 20:29:21.741450',11,10,5),
(528,'15:00:00','11:00:00',4,'2025-11-30 20:29:21.742079',2,1,159000,'로열 패밀리 스위트','프리미엄룸','2025-11-30 20:29:21.742079',11,10,5),
(529,'15:00:00','11:00:00',5,'2025-11-30 20:29:21.742795',2,1,200000,'클래식 싱글룸','스위트룸','2025-11-30 20:29:21.742795',11,10,5),
(530,'15:00:00','11:00:00',10,'2025-11-30 20:29:21.743498',2,1,190000,'슈페리어 트윈 디럭스','주니어 스위트','2025-11-30 20:29:21.743498',11,10,5),
(531,'15:00:00','11:00:00',1,'2025-11-30 20:29:21.744254',2,1,159000,'디럭스 트윈룸','싱글룸','2025-11-30 20:29:21.744254',12,10,5),
(532,'15:00:00','11:00:00',2,'2025-11-30 20:29:21.745102',2,1,200000,'시티뷰 스위트','더블룸','2025-11-30 20:29:21.745102',12,10,5),
(533,'15:00:00','11:00:00',4,'2025-11-30 20:29:21.745828',2,1,190000,'오션 브리즈룸','트윈룸','2025-11-30 20:29:21.745828',12,10,5),
(534,'15:00:00','11:00:00',5,'2025-11-30 20:29:21.746586',2,1,120000,'프리미엄 킹룸','트리플룸','2025-11-30 20:29:21.746586',12,10,5),
(535,'15:00:00','11:00:00',10,'2025-11-30 20:29:21.747311',2,1,89000,'가든뷰 더블룸','패밀리룸','2025-11-30 20:29:21.747311',12,10,5),
(536,'15:00:00','11:00:00',1,'2025-11-30 20:29:21.747975',2,1,234000,'마운틴뷰 스위트','디럭스룸','2025-11-30 20:29:21.747975',12,10,5),
(537,'15:00:00','11:00:00',2,'2025-11-30 20:29:21.748630',2,1,256000,'이그제큐티브 퀸룸','슈페리어룸','2025-11-30 20:29:21.748630',12,10,5),
(538,'15:00:00','11:00:00',4,'2025-11-30 20:29:21.749282',2,1,159000,'로열 패밀리 스위트','프리미엄룸','2025-11-30 20:29:21.749282',12,10,5),
(539,'15:00:00','11:00:00',5,'2025-11-30 20:29:21.749947',2,1,200000,'클래식 싱글룸','스위트룸','2025-11-30 20:29:21.749947',12,10,5),
(540,'15:00:00','11:00:00',10,'2025-11-30 20:29:21.750560',2,1,190000,'슈페리어 트윈 디럭스','주니어 스위트','2025-11-30 20:29:21.750560',12,10,5),
(541,'15:00:00','11:00:00',1,'2025-11-30 20:29:21.751196',2,1,159000,'디럭스 트윈룸','싱글룸','2025-11-30 20:29:21.751196',13,10,5),
(542,'15:00:00','11:00:00',2,'2025-11-30 20:29:21.751765',2,1,200000,'시티뷰 스위트','더블룸','2025-11-30 20:29:21.751765',13,10,5),
(543,'15:00:00','11:00:00',4,'2025-11-30 20:29:21.752360',2,1,190000,'오션 브리즈룸','트윈룸','2025-11-30 20:29:21.752360',13,10,5),
(544,'15:00:00','11:00:00',5,'2025-11-30 20:29:21.752933',2,1,120000,'프리미엄 킹룸','트리플룸','2025-11-30 20:29:21.752933',13,10,5),
(545,'15:00:00','11:00:00',10,'2025-11-30 20:29:21.753554',2,1,89000,'가든뷰 더블룸','패밀리룸','2025-11-30 20:29:21.753554',13,10,5),
(546,'15:00:00','11:00:00',1,'2025-11-30 20:29:21.754204',2,1,234000,'마운틴뷰 스위트','디럭스룸','2025-11-30 20:29:21.754204',13,10,5),
(547,'15:00:00','11:00:00',2,'2025-11-30 20:29:21.754955',2,1,256000,'이그제큐티브 퀸룸','슈페리어룸','2025-11-30 20:29:21.754955',13,10,5),
(548,'15:00:00','11:00:00',4,'2025-11-30 20:29:21.755739',2,1,159000,'로열 패밀리 스위트','프리미엄룸','2025-11-30 20:29:21.755739',13,10,5),
(549,'15:00:00','11:00:00',5,'2025-11-30 20:29:21.757065',2,1,200000,'클래식 싱글룸','스위트룸','2025-11-30 20:29:21.757065',13,10,5),
(550,'15:00:00','11:00:00',10,'2025-11-30 20:29:21.757724',2,1,190000,'슈페리어 트윈 디럭스','주니어 스위트','2025-11-30 20:29:21.757724',13,10,5),
(551,'15:00:00','11:00:00',1,'2025-11-30 20:29:21.758407',2,1,159000,'디럭스 트윈룸','싱글룸','2025-11-30 20:29:21.758407',14,10,5),
(552,'15:00:00','11:00:00',2,'2025-11-30 20:29:21.759208',2,1,200000,'시티뷰 스위트','더블룸','2025-11-30 20:29:21.759208',14,10,5),
(553,'15:00:00','11:00:00',4,'2025-11-30 20:29:21.759949',2,1,190000,'오션 브리즈룸','트윈룸','2025-11-30 20:29:21.759949',14,10,5),
(554,'15:00:00','11:00:00',5,'2025-11-30 20:29:21.760790',2,1,120000,'프리미엄 킹룸','트리플룸','2025-11-30 20:29:21.760790',14,10,5),
(555,'15:00:00','11:00:00',10,'2025-11-30 20:29:21.761382',2,1,89000,'가든뷰 더블룸','패밀리룸','2025-11-30 20:29:21.761382',14,10,5),
(556,'15:00:00','11:00:00',1,'2025-11-30 20:29:21.761964',2,1,234000,'마운틴뷰 스위트','디럭스룸','2025-11-30 20:29:21.761964',14,10,5),
(557,'15:00:00','11:00:00',2,'2025-11-30 20:29:21.762595',2,1,256000,'이그제큐티브 퀸룸','슈페리어룸','2025-11-30 20:29:21.762595',14,10,5),
(558,'15:00:00','11:00:00',4,'2025-11-30 20:29:21.763188',2,1,159000,'로열 패밀리 스위트','프리미엄룸','2025-11-30 20:29:21.763188',14,10,5),
(559,'15:00:00','11:00:00',5,'2025-11-30 20:29:21.763743',2,1,200000,'클래식 싱글룸','스위트룸','2025-11-30 20:29:21.763743',14,10,5),
(560,'15:00:00','11:00:00',10,'2025-11-30 20:29:21.764335',2,1,190000,'슈페리어 트윈 디럭스','주니어 스위트','2025-11-30 20:29:21.764335',14,10,5),
(561,'15:00:00','11:00:00',1,'2025-11-30 20:29:21.764986',2,1,159000,'디럭스 트윈룸','싱글룸','2025-11-30 20:29:21.764986',15,10,5),
(562,'15:00:00','11:00:00',2,'2025-11-30 20:29:21.765580',2,1,200000,'시티뷰 스위트','더블룸','2025-11-30 20:29:21.765580',15,10,5),
(563,'15:00:00','11:00:00',4,'2025-11-30 20:29:21.766204',2,1,190000,'오션 브리즈룸','트윈룸','2025-11-30 20:29:21.766204',15,10,5),
(564,'15:00:00','11:00:00',5,'2025-11-30 20:29:21.766884',2,1,120000,'프리미엄 킹룸','트리플룸','2025-11-30 20:29:21.766884',15,10,5),
(565,'15:00:00','11:00:00',10,'2025-11-30 20:29:21.767528',2,1,89000,'가든뷰 더블룸','패밀리룸','2025-11-30 20:29:21.767528',15,10,5),
(566,'15:00:00','11:00:00',1,'2025-11-30 20:29:21.768100',2,1,234000,'마운틴뷰 스위트','디럭스룸','2025-11-30 20:29:21.768100',15,10,5),
(567,'15:00:00','11:00:00',2,'2025-11-30 20:29:21.768660',2,1,256000,'이그제큐티브 퀸룸','슈페리어룸','2025-11-30 20:29:21.768660',15,10,5),
(568,'15:00:00','11:00:00',4,'2025-11-30 20:29:21.769343',2,1,159000,'로열 패밀리 스위트','프리미엄룸','2025-11-30 20:29:21.769343',15,10,5),
(569,'15:00:00','11:00:00',5,'2025-11-30 20:29:21.769948',2,1,200000,'클래식 싱글룸','스위트룸','2025-11-30 20:29:21.769948',15,10,5),
(570,'15:00:00','11:00:00',10,'2025-11-30 20:29:21.770523',2,1,190000,'슈페리어 트윈 디럭스','주니어 스위트','2025-11-30 20:29:21.770523',15,10,5),
(571,'15:00:00','11:00:00',1,'2025-11-30 20:29:21.771103',2,1,159000,'디럭스 트윈룸','싱글룸','2025-11-30 20:29:21.771103',16,10,5),
(572,'15:00:00','11:00:00',2,'2025-11-30 20:29:21.771648',2,1,200000,'시티뷰 스위트','더블룸','2025-11-30 20:29:21.771648',16,10,5),
(573,'15:00:00','11:00:00',4,'2025-11-30 20:29:21.772156',2,1,190000,'오션 브리즈룸','트윈룸','2025-11-30 20:29:21.772156',16,10,5),
(574,'15:00:00','11:00:00',5,'2025-11-30 20:29:21.772656',2,1,120000,'프리미엄 킹룸','트리플룸','2025-11-30 20:29:21.772656',16,10,5),
(575,'15:00:00','11:00:00',10,'2025-11-30 20:29:21.773183',2,1,89000,'가든뷰 더블룸','패밀리룸','2025-11-30 20:29:21.773183',16,10,5),
(576,'15:00:00','11:00:00',1,'2025-11-30 20:29:21.773754',2,1,234000,'마운틴뷰 스위트','디럭스룸','2025-11-30 20:29:21.773754',16,10,5),
(577,'15:00:00','11:00:00',2,'2025-11-30 20:29:21.774544',2,1,256000,'이그제큐티브 퀸룸','슈페리어룸','2025-11-30 20:29:21.774544',16,10,5),
(578,'15:00:00','11:00:00',4,'2025-11-30 20:29:21.775228',2,1,159000,'로열 패밀리 스위트','프리미엄룸','2025-11-30 20:29:21.775228',16,10,5),
(579,'15:00:00','11:00:00',5,'2025-11-30 20:29:21.775799',2,1,200000,'클래식 싱글룸','스위트룸','2025-11-30 20:29:21.775799',16,10,5),
(580,'15:00:00','11:00:00',10,'2025-11-30 20:29:21.776429',2,1,190000,'슈페리어 트윈 디럭스','주니어 스위트','2025-11-30 20:29:21.776429',16,10,5),
(581,'15:00:00','11:00:00',1,'2025-11-30 20:29:21.777272',2,1,159000,'디럭스 트윈룸','싱글룸','2025-11-30 20:29:21.777272',17,10,5),
(582,'15:00:00','11:00:00',2,'2025-11-30 20:29:21.778289',2,1,200000,'시티뷰 스위트','더블룸','2025-11-30 20:29:21.778289',17,10,5),
(583,'15:00:00','11:00:00',4,'2025-11-30 20:29:21.779042',2,1,190000,'오션 브리즈룸','트윈룸','2025-11-30 20:29:21.779042',17,10,5),
(584,'15:00:00','11:00:00',5,'2025-11-30 20:29:21.779641',2,1,120000,'프리미엄 킹룸','트리플룸','2025-11-30 20:29:21.779641',17,10,5),
(585,'15:00:00','11:00:00',10,'2025-11-30 20:29:21.780225',2,1,89000,'가든뷰 더블룸','패밀리룸','2025-11-30 20:29:21.780225',17,10,5),
(586,'15:00:00','11:00:00',1,'2025-11-30 20:29:21.780861',2,1,234000,'마운틴뷰 스위트','디럭스룸','2025-11-30 20:29:21.780861',17,10,5),
(587,'15:00:00','11:00:00',2,'2025-11-30 20:29:21.781697',2,1,256000,'이그제큐티브 퀸룸','슈페리어룸','2025-11-30 20:29:21.781697',17,10,5),
(588,'15:00:00','11:00:00',4,'2025-11-30 20:29:21.782483',2,1,159000,'로열 패밀리 스위트','프리미엄룸','2025-11-30 20:29:21.782483',17,10,5),
(589,'15:00:00','11:00:00',5,'2025-11-30 20:29:21.783161',2,1,200000,'클래식 싱글룸','스위트룸','2025-11-30 20:29:21.783161',17,10,5),
(590,'15:00:00','11:00:00',10,'2025-11-30 20:29:21.783813',2,1,190000,'슈페리어 트윈 디럭스','주니어 스위트','2025-11-30 20:29:21.783813',17,10,5),
(591,'15:00:00','11:00:00',1,'2025-11-30 20:29:21.784575',2,1,159000,'디럭스 트윈룸','싱글룸','2025-11-30 20:29:21.784575',18,10,5),
(592,'15:00:00','11:00:00',2,'2025-11-30 20:29:21.785389',2,1,200000,'시티뷰 스위트','더블룸','2025-11-30 20:29:21.785389',18,10,5),
(593,'15:00:00','11:00:00',4,'2025-11-30 20:29:21.786116',2,1,190000,'오션 브리즈룸','트윈룸','2025-11-30 20:29:21.786116',18,10,5),
(594,'15:00:00','11:00:00',5,'2025-11-30 20:29:21.786781',2,1,120000,'프리미엄 킹룸','트리플룸','2025-11-30 20:29:21.786781',18,10,5),
(595,'15:00:00','11:00:00',10,'2025-11-30 20:29:21.787409',2,1,89000,'가든뷰 더블룸','패밀리룸','2025-11-30 20:29:21.787409',18,10,5),
(596,'15:00:00','11:00:00',1,'2025-11-30 20:29:21.789547',2,1,234000,'마운틴뷰 스위트','디럭스룸','2025-11-30 20:29:21.789547',18,10,5),
(597,'15:00:00','11:00:00',2,'2025-11-30 20:29:21.790236',2,1,256000,'이그제큐티브 퀸룸','슈페리어룸','2025-11-30 20:29:21.790236',18,10,5),
(598,'15:00:00','11:00:00',4,'2025-11-30 20:29:21.790875',2,1,159000,'로열 패밀리 스위트','프리미엄룸','2025-11-30 20:29:21.790875',18,10,5),
(599,'15:00:00','11:00:00',5,'2025-11-30 20:29:21.791489',2,1,200000,'클래식 싱글룸','스위트룸','2025-11-30 20:29:21.791489',18,10,5),
(600,'15:00:00','11:00:00',10,'2025-11-30 20:29:21.792057',2,1,190000,'슈페리어 트윈 디럭스','주니어 스위트','2025-11-30 20:29:21.792057',18,10,5),
(601,'15:00:00','11:00:00',1,'2025-11-30 20:29:21.792682',2,1,159000,'디럭스 트윈룸','싱글룸','2025-11-30 20:29:21.792682',19,10,5),
(602,'15:00:00','11:00:00',2,'2025-11-30 20:29:21.793442',2,1,200000,'시티뷰 스위트','더블룸','2025-11-30 20:29:21.793442',19,10,5),
(603,'15:00:00','11:00:00',4,'2025-11-30 20:29:21.794269',2,1,190000,'오션 브리즈룸','트윈룸','2025-11-30 20:29:21.794269',19,10,5),
(604,'15:00:00','11:00:00',5,'2025-11-30 20:29:21.794844',2,1,120000,'프리미엄 킹룸','트리플룸','2025-11-30 20:29:21.794844',19,10,5),
(605,'15:00:00','11:00:00',10,'2025-11-30 20:29:21.795378',2,1,89000,'가든뷰 더블룸','패밀리룸','2025-11-30 20:29:21.795378',19,10,5),
(606,'15:00:00','11:00:00',1,'2025-11-30 20:29:21.795886',2,1,234000,'마운틴뷰 스위트','디럭스룸','2025-11-30 20:29:21.795886',19,10,5),
(607,'15:00:00','11:00:00',2,'2025-11-30 20:29:21.796490',2,1,256000,'이그제큐티브 퀸룸','슈페리어룸','2025-11-30 20:29:21.796490',19,10,5),
(608,'15:00:00','11:00:00',4,'2025-11-30 20:29:21.797186',2,1,159000,'로열 패밀리 스위트','프리미엄룸','2025-11-30 20:29:21.797186',19,10,5),
(609,'15:00:00','11:00:00',5,'2025-11-30 20:29:21.797893',2,1,200000,'클래식 싱글룸','스위트룸','2025-11-30 20:29:21.797893',19,10,5),
(610,'15:00:00','11:00:00',10,'2025-11-30 20:29:21.798581',2,1,190000,'슈페리어 트윈 디럭스','주니어 스위트','2025-11-30 20:29:21.798581',19,10,5),
(611,'15:00:00','11:00:00',1,'2025-11-30 20:29:21.799317',2,1,159000,'디럭스 트윈룸','싱글룸','2025-11-30 20:29:21.799317',20,10,5),
(612,'15:00:00','11:00:00',2,'2025-11-30 20:29:21.800096',2,1,200000,'시티뷰 스위트','더블룸','2025-11-30 20:29:21.800096',20,10,5),
(613,'15:00:00','11:00:00',4,'2025-11-30 20:29:21.800821',2,1,190000,'오션 브리즈룸','트윈룸','2025-11-30 20:29:21.800821',20,10,5),
(614,'15:00:00','11:00:00',5,'2025-11-30 20:29:21.801482',2,1,120000,'프리미엄 킹룸','트리플룸','2025-11-30 20:29:21.801482',20,10,5),
(615,'15:00:00','11:00:00',10,'2025-11-30 20:29:21.802033',2,1,89000,'가든뷰 더블룸','패밀리룸','2025-11-30 20:29:21.802033',20,10,5),
(616,'15:00:00','11:00:00',1,'2025-11-30 20:29:21.802560',2,1,234000,'마운틴뷰 스위트','디럭스룸','2025-11-30 20:29:21.802560',20,10,5),
(617,'15:00:00','11:00:00',2,'2025-11-30 20:29:21.803126',2,1,256000,'이그제큐티브 퀸룸','슈페리어룸','2025-11-30 20:29:21.803126',20,10,5),
(618,'15:00:00','11:00:00',4,'2025-11-30 20:29:21.803700',2,1,159000,'로열 패밀리 스위트','프리미엄룸','2025-11-30 20:29:21.803700',20,10,5),
(619,'15:00:00','11:00:00',5,'2025-11-30 20:29:21.804270',2,1,200000,'클래식 싱글룸','스위트룸','2025-11-30 20:29:21.804270',20,10,5),
(620,'15:00:00','11:00:00',10,'2025-11-30 20:29:21.804879',2,1,190000,'슈페리어 트윈 디럭스','주니어 스위트','2025-11-30 20:29:21.804879',20,10,5),
(621,'15:00:00','11:00:00',1,'2025-11-30 20:29:21.805486',2,1,159000,'디럭스 트윈룸','싱글룸','2025-11-30 20:29:21.805486',21,10,5),
(622,'15:00:00','11:00:00',2,'2025-11-30 20:29:21.806155',2,1,200000,'시티뷰 스위트','더블룸','2025-11-30 20:29:21.806155',21,10,5),
(623,'15:00:00','11:00:00',4,'2025-11-30 20:29:21.806721',2,1,190000,'오션 브리즈룸','트윈룸','2025-11-30 20:29:21.806721',21,10,5),
(624,'15:00:00','11:00:00',5,'2025-11-30 20:29:21.807256',2,1,120000,'프리미엄 킹룸','트리플룸','2025-11-30 20:29:21.807256',21,10,5),
(625,'15:00:00','11:00:00',10,'2025-11-30 20:29:21.807837',2,1,89000,'가든뷰 더블룸','패밀리룸','2025-11-30 20:29:21.807837',21,10,5),
(626,'15:00:00','11:00:00',1,'2025-11-30 20:29:21.808466',2,1,234000,'마운틴뷰 스위트','디럭스룸','2025-11-30 20:29:21.808466',21,10,5),
(627,'15:00:00','11:00:00',2,'2025-11-30 20:29:21.809036',2,1,256000,'이그제큐티브 퀸룸','슈페리어룸','2025-11-30 20:29:21.809036',21,10,5),
(628,'15:00:00','11:00:00',4,'2025-11-30 20:29:21.809632',2,1,159000,'로열 패밀리 스위트','프리미엄룸','2025-11-30 20:29:21.809632',21,10,5),
(629,'15:00:00','11:00:00',5,'2025-11-30 20:29:21.810253',2,1,200000,'클래식 싱글룸','스위트룸','2025-11-30 20:29:21.810253',21,10,5),
(630,'15:00:00','11:00:00',10,'2025-11-30 20:29:21.810823',2,1,190000,'슈페리어 트윈 디럭스','주니어 스위트','2025-11-30 20:29:21.810823',21,10,5),
(631,'15:00:00','11:00:00',1,'2025-11-30 20:29:21.811390',2,1,159000,'디럭스 트윈룸','싱글룸','2025-11-30 20:29:21.811390',22,10,5),
(632,'15:00:00','11:00:00',2,'2025-11-30 20:29:21.811961',2,1,200000,'시티뷰 스위트','더블룸','2025-11-30 20:29:21.811961',22,10,5),
(633,'15:00:00','11:00:00',4,'2025-11-30 20:29:21.812663',2,1,190000,'오션 브리즈룸','트윈룸','2025-11-30 20:29:21.812663',22,10,5),
(634,'15:00:00','11:00:00',5,'2025-11-30 20:29:21.813242',2,1,120000,'프리미엄 킹룸','트리플룸','2025-11-30 20:29:21.813242',22,10,5),
(635,'15:00:00','11:00:00',10,'2025-11-30 20:29:21.813776',2,1,89000,'가든뷰 더블룸','패밀리룸','2025-11-30 20:29:21.813776',22,10,5),
(636,'15:00:00','11:00:00',1,'2025-11-30 20:29:21.814311',2,1,234000,'마운틴뷰 스위트','디럭스룸','2025-11-30 20:29:21.814311',22,10,5),
(637,'15:00:00','11:00:00',2,'2025-11-30 20:29:21.814801',2,1,256000,'이그제큐티브 퀸룸','슈페리어룸','2025-11-30 20:29:21.814801',22,10,5),
(638,'15:00:00','11:00:00',4,'2025-11-30 20:29:21.815247',2,1,159000,'로열 패밀리 스위트','프리미엄룸','2025-11-30 20:29:21.815247',22,10,5),
(639,'15:00:00','11:00:00',5,'2025-11-30 20:29:21.815691',2,1,200000,'클래식 싱글룸','스위트룸','2025-11-30 20:29:21.815691',22,10,5),
(640,'15:00:00','11:00:00',10,'2025-11-30 20:29:21.816140',2,1,190000,'슈페리어 트윈 디럭스','주니어 스위트','2025-11-30 20:29:21.816140',22,10,5),
(641,'15:00:00','11:00:00',1,'2025-11-30 20:29:21.816595',2,1,159000,'디럭스 트윈룸','싱글룸','2025-11-30 20:29:21.816595',23,10,5),
(642,'15:00:00','11:00:00',2,'2025-11-30 20:29:21.817026',2,1,200000,'시티뷰 스위트','더블룸','2025-11-30 20:29:21.817026',23,10,5),
(643,'15:00:00','11:00:00',4,'2025-11-30 20:29:21.817578',2,1,190000,'오션 브리즈룸','트윈룸','2025-11-30 20:29:21.817578',23,10,5),
(644,'15:00:00','11:00:00',5,'2025-11-30 20:29:21.818040',2,1,120000,'프리미엄 킹룸','트리플룸','2025-11-30 20:29:21.818040',23,10,5),
(645,'15:00:00','11:00:00',10,'2025-11-30 20:29:21.819083',2,1,89000,'가든뷰 더블룸','패밀리룸','2025-11-30 20:29:21.819083',23,10,5),
(646,'15:00:00','11:00:00',1,'2025-11-30 20:29:21.819680',2,1,234000,'마운틴뷰 스위트','디럭스룸','2025-11-30 20:29:21.819680',23,10,5),
(647,'15:00:00','11:00:00',2,'2025-11-30 20:29:21.820160',2,1,256000,'이그제큐티브 퀸룸','슈페리어룸','2025-11-30 20:29:21.820160',23,10,5),
(648,'15:00:00','11:00:00',4,'2025-11-30 20:29:21.820661',2,1,159000,'로열 패밀리 스위트','프리미엄룸','2025-11-30 20:29:21.820661',23,10,5),
(649,'15:00:00','11:00:00',5,'2025-11-30 20:29:21.821119',2,1,200000,'클래식 싱글룸','스위트룸','2025-11-30 20:29:21.821119',23,10,5),
(650,'15:00:00','11:00:00',10,'2025-11-30 20:29:21.821530',2,1,190000,'슈페리어 트윈 디럭스','주니어 스위트','2025-11-30 20:29:21.821530',23,10,5),
(651,'15:00:00','11:00:00',1,'2025-11-30 20:29:21.821964',2,1,159000,'디럭스 트윈룸','싱글룸','2025-11-30 20:29:21.821964',24,10,5),
(652,'15:00:00','11:00:00',2,'2025-11-30 20:29:21.822432',2,1,200000,'시티뷰 스위트','더블룸','2025-11-30 20:29:21.822432',24,10,5),
(653,'15:00:00','11:00:00',4,'2025-11-30 20:29:21.822982',2,1,190000,'오션 브리즈룸','트윈룸','2025-11-30 20:29:21.822982',24,10,5),
(654,'15:00:00','11:00:00',5,'2025-11-30 20:29:21.823414',2,1,120000,'프리미엄 킹룸','트리플룸','2025-11-30 20:29:21.823414',24,10,5),
(655,'15:00:00','11:00:00',10,'2025-11-30 20:29:21.823868',2,1,89000,'가든뷰 더블룸','패밀리룸','2025-11-30 20:29:21.823868',24,10,5),
(656,'15:00:00','11:00:00',1,'2025-11-30 20:29:21.824326',2,1,234000,'마운틴뷰 스위트','디럭스룸','2025-11-30 20:29:21.824326',24,10,5),
(657,'15:00:00','11:00:00',2,'2025-11-30 20:29:21.824854',2,1,256000,'이그제큐티브 퀸룸','슈페리어룸','2025-11-30 20:29:21.824854',24,10,5),
(658,'15:00:00','11:00:00',4,'2025-11-30 20:29:21.825337',2,1,159000,'로열 패밀리 스위트','프리미엄룸','2025-11-30 20:29:21.825337',24,10,5),
(659,'15:00:00','11:00:00',5,'2025-11-30 20:29:21.825840',2,1,200000,'클래식 싱글룸','스위트룸','2025-11-30 20:29:21.825840',24,10,5),
(660,'15:00:00','11:00:00',10,'2025-11-30 20:29:21.826359',2,1,190000,'슈페리어 트윈 디럭스','주니어 스위트','2025-11-30 20:29:21.826359',24,10,5),
(661,'15:00:00','11:00:00',1,'2025-11-30 20:29:21.826935',2,1,159000,'디럭스 트윈룸','싱글룸','2025-11-30 20:29:21.826935',25,10,5),
(662,'15:00:00','11:00:00',2,'2025-11-30 20:29:21.827478',2,1,200000,'시티뷰 스위트','더블룸','2025-11-30 20:29:21.827478',25,10,5),
(663,'15:00:00','11:00:00',4,'2025-11-30 20:29:21.828026',2,1,190000,'오션 브리즈룸','트윈룸','2025-11-30 20:29:21.828026',25,10,5),
(664,'15:00:00','11:00:00',5,'2025-11-30 20:29:21.828578',2,1,120000,'프리미엄 킹룸','트리플룸','2025-11-30 20:29:21.828578',25,10,5),
(665,'15:00:00','11:00:00',10,'2025-11-30 20:29:21.829339',2,1,89000,'가든뷰 더블룸','패밀리룸','2025-11-30 20:29:21.829339',25,10,5),
(666,'15:00:00','11:00:00',1,'2025-11-30 20:29:21.830491',2,1,234000,'마운틴뷰 스위트','디럭스룸','2025-11-30 20:29:21.830491',25,10,5),
(667,'15:00:00','11:00:00',2,'2025-11-30 20:29:21.831322',2,1,256000,'이그제큐티브 퀸룸','슈페리어룸','2025-11-30 20:29:21.831322',25,10,5),
(668,'15:00:00','11:00:00',4,'2025-11-30 20:29:21.832370',2,1,159000,'로열 패밀리 스위트','프리미엄룸','2025-11-30 20:29:21.832370',25,10,5),
(669,'15:00:00','11:00:00',5,'2025-11-30 20:29:21.833421',2,1,200000,'클래식 싱글룸','스위트룸','2025-11-30 20:29:21.833421',25,10,5),
(670,'15:00:00','11:00:00',10,'2025-11-30 20:29:21.834324',2,1,190000,'슈페리어 트윈 디럭스','주니어 스위트','2025-11-30 20:29:21.834324',25,10,5),
(671,'15:00:00','11:00:00',1,'2025-11-30 20:29:21.835240',2,1,159000,'디럭스 트윈룸','싱글룸','2025-11-30 20:29:21.835240',26,10,5),
(672,'15:00:00','11:00:00',2,'2025-11-30 20:29:21.836140',2,1,200000,'시티뷰 스위트','더블룸','2025-11-30 20:29:21.836140',26,10,5),
(673,'15:00:00','11:00:00',4,'2025-11-30 20:29:21.837093',2,1,190000,'오션 브리즈룸','트윈룸','2025-11-30 20:29:21.837093',26,10,5),
(674,'15:00:00','11:00:00',5,'2025-11-30 20:29:21.837959',2,1,120000,'프리미엄 킹룸','트리플룸','2025-11-30 20:29:21.837959',26,10,5),
(675,'15:00:00','11:00:00',10,'2025-11-30 20:29:21.838618',2,1,89000,'가든뷰 더블룸','패밀리룸','2025-11-30 20:29:21.838618',26,10,5),
(676,'15:00:00','11:00:00',1,'2025-11-30 20:29:21.839239',2,1,234000,'마운틴뷰 스위트','디럭스룸','2025-11-30 20:29:21.839239',26,10,5),
(677,'15:00:00','11:00:00',2,'2025-11-30 20:29:21.840133',2,1,256000,'이그제큐티브 퀸룸','슈페리어룸','2025-11-30 20:29:21.840133',26,10,5),
(678,'15:00:00','11:00:00',4,'2025-11-30 20:29:21.840856',2,1,159000,'로열 패밀리 스위트','프리미엄룸','2025-11-30 20:29:21.840856',26,10,5),
(679,'15:00:00','11:00:00',5,'2025-11-30 20:29:21.841666',2,1,200000,'클래식 싱글룸','스위트룸','2025-11-30 20:29:21.841666',26,10,5),
(680,'15:00:00','11:00:00',10,'2025-11-30 20:29:21.842270',2,1,190000,'슈페리어 트윈 디럭스','주니어 스위트','2025-11-30 20:29:21.842270',26,10,5),
(681,'15:00:00','11:00:00',1,'2025-11-30 20:29:21.842949',2,1,159000,'디럭스 트윈룸','싱글룸','2025-11-30 20:29:21.842949',27,10,5),
(682,'15:00:00','11:00:00',2,'2025-11-30 20:29:21.843904',2,1,200000,'시티뷰 스위트','더블룸','2025-11-30 20:29:21.843904',27,10,5),
(683,'15:00:00','11:00:00',4,'2025-11-30 20:29:21.844481',2,1,190000,'오션 브리즈룸','트윈룸','2025-11-30 20:29:21.844481',27,10,5),
(684,'15:00:00','11:00:00',5,'2025-11-30 20:29:21.845089',2,1,120000,'프리미엄 킹룸','트리플룸','2025-11-30 20:29:21.845089',27,10,5),
(685,'15:00:00','11:00:00',10,'2025-11-30 20:29:21.845678',2,1,89000,'가든뷰 더블룸','패밀리룸','2025-11-30 20:29:21.845678',27,10,5),
(686,'15:00:00','11:00:00',1,'2025-11-30 20:29:21.846311',2,1,234000,'마운틴뷰 스위트','디럭스룸','2025-11-30 20:29:21.846311',27,10,5),
(687,'15:00:00','11:00:00',2,'2025-11-30 20:29:21.846881',2,1,256000,'이그제큐티브 퀸룸','슈페리어룸','2025-11-30 20:29:21.846881',27,10,5),
(688,'15:00:00','11:00:00',4,'2025-11-30 20:29:21.847432',2,1,159000,'로열 패밀리 스위트','프리미엄룸','2025-11-30 20:29:21.847432',27,10,5),
(689,'15:00:00','11:00:00',5,'2025-11-30 20:29:21.848221',2,1,200000,'클래식 싱글룸','스위트룸','2025-11-30 20:29:21.848221',27,10,5),
(690,'15:00:00','11:00:00',10,'2025-11-30 20:29:21.849187',2,1,190000,'슈페리어 트윈 디럭스','주니어 스위트','2025-11-30 20:29:21.849187',27,10,5),
(691,'15:00:00','11:00:00',1,'2025-11-30 20:29:21.850426',2,1,159000,'디럭스 트윈룸','싱글룸','2025-11-30 20:29:21.850426',28,10,5),
(692,'15:00:00','11:00:00',2,'2025-11-30 20:29:21.851549',2,1,200000,'시티뷰 스위트','더블룸','2025-11-30 20:29:21.851549',28,10,5),
(693,'15:00:00','11:00:00',4,'2025-11-30 20:29:21.853049',2,1,190000,'오션 브리즈룸','트윈룸','2025-11-30 20:29:21.853049',28,10,5),
(694,'15:00:00','11:00:00',5,'2025-11-30 20:29:21.854189',2,1,120000,'프리미엄 킹룸','트리플룸','2025-11-30 20:29:21.854189',28,10,5),
(695,'15:00:00','11:00:00',10,'2025-11-30 20:29:21.855134',2,1,89000,'가든뷰 더블룸','패밀리룸','2025-11-30 20:29:21.855134',28,10,5),
(696,'15:00:00','11:00:00',1,'2025-11-30 20:29:21.855760',2,1,234000,'마운틴뷰 스위트','디럭스룸','2025-11-30 20:29:21.855760',28,10,5),
(697,'15:00:00','11:00:00',2,'2025-11-30 20:29:21.856355',2,1,256000,'이그제큐티브 퀸룸','슈페리어룸','2025-11-30 20:29:21.856355',28,10,5),
(698,'15:00:00','11:00:00',4,'2025-11-30 20:29:21.857194',2,1,159000,'로열 패밀리 스위트','프리미엄룸','2025-11-30 20:29:21.857194',28,10,5),
(699,'15:00:00','11:00:00',5,'2025-11-30 20:29:21.858300',2,1,200000,'클래식 싱글룸','스위트룸','2025-11-30 20:29:21.858300',28,10,5),
(700,'15:00:00','11:00:00',10,'2025-11-30 20:29:21.858926',2,1,190000,'슈페리어 트윈 디럭스','주니어 스위트','2025-11-30 20:29:21.858926',28,10,5),
(701,'15:00:00','11:00:00',1,'2025-11-30 20:29:21.859560',2,1,159000,'디럭스 트윈룸','싱글룸','2025-11-30 20:29:21.859560',29,10,5),
(702,'15:00:00','11:00:00',2,'2025-11-30 20:29:21.860484',2,1,200000,'시티뷰 스위트','더블룸','2025-11-30 20:29:21.860484',29,10,5),
(703,'15:00:00','11:00:00',4,'2025-11-30 20:29:21.861192',2,1,190000,'오션 브리즈룸','트윈룸','2025-11-30 20:29:21.861192',29,10,5),
(704,'15:00:00','11:00:00',5,'2025-11-30 20:29:21.861736',2,1,120000,'프리미엄 킹룸','트리플룸','2025-11-30 20:29:21.861736',29,10,5),
(705,'15:00:00','11:00:00',10,'2025-11-30 20:29:21.862502',2,1,89000,'가든뷰 더블룸','패밀리룸','2025-11-30 20:29:21.862502',29,10,5),
(706,'15:00:00','11:00:00',1,'2025-11-30 20:29:21.863173',2,1,234000,'마운틴뷰 스위트','디럭스룸','2025-11-30 20:29:21.863173',29,10,5),
(707,'15:00:00','11:00:00',2,'2025-11-30 20:29:21.863742',2,1,256000,'이그제큐티브 퀸룸','슈페리어룸','2025-11-30 20:29:21.863742',29,10,5),
(708,'15:00:00','11:00:00',4,'2025-11-30 20:29:21.864293',2,1,159000,'로열 패밀리 스위트','프리미엄룸','2025-11-30 20:29:21.864293',29,10,5),
(709,'15:00:00','11:00:00',5,'2025-11-30 20:29:21.864942',2,1,200000,'클래식 싱글룸','스위트룸','2025-11-30 20:29:21.864942',29,10,5),
(710,'15:00:00','11:00:00',10,'2025-11-30 20:29:21.865560',2,1,190000,'슈페리어 트윈 디럭스','주니어 스위트','2025-11-30 20:29:21.865560',29,10,5),
(711,'15:00:00','11:00:00',1,'2025-11-30 20:29:21.866117',2,1,159000,'디럭스 트윈룸','싱글룸','2025-11-30 20:29:21.866117',30,10,5),
(712,'15:00:00','11:00:00',2,'2025-11-30 20:29:21.866629',2,1,200000,'시티뷰 스위트','더블룸','2025-11-30 20:29:21.866629',30,10,5),
(713,'15:00:00','11:00:00',4,'2025-11-30 20:29:21.867171',2,1,190000,'오션 브리즈룸','트윈룸','2025-11-30 20:29:21.867171',30,10,5),
(714,'15:00:00','11:00:00',5,'2025-11-30 20:29:21.867695',2,1,120000,'프리미엄 킹룸','트리플룸','2025-11-30 20:29:21.867695',30,10,5),
(715,'15:00:00','11:00:00',10,'2025-11-30 20:29:21.868465',2,1,89000,'가든뷰 더블룸','패밀리룸','2025-11-30 20:29:21.868465',30,10,5),
(716,'15:00:00','11:00:00',1,'2025-11-30 20:29:21.869182',2,1,234000,'마운틴뷰 스위트','디럭스룸','2025-11-30 20:29:21.869182',30,10,5),
(717,'15:00:00','11:00:00',2,'2025-11-30 20:29:21.869637',2,1,256000,'이그제큐티브 퀸룸','슈페리어룸','2025-11-30 20:29:21.869637',30,10,5),
(718,'15:00:00','11:00:00',4,'2025-11-30 20:29:21.870134',2,1,159000,'로열 패밀리 스위트','프리미엄룸','2025-11-30 20:29:21.870134',30,10,5),
(719,'15:00:00','11:00:00',5,'2025-11-30 20:29:21.870767',2,1,200000,'클래식 싱글룸','스위트룸','2025-11-30 20:29:21.870767',30,10,5),
(720,'15:00:00','11:00:00',10,'2025-11-30 20:29:21.871333',2,1,190000,'슈페리어 트윈 디럭스','주니어 스위트','2025-11-30 20:29:21.871333',30,10,5),
(721,'15:00:00','11:00:00',1,'2025-11-30 20:29:21.871881',2,1,159000,'디럭스 트윈룸','싱글룸','2025-11-30 20:29:21.871881',31,10,5),
(722,'15:00:00','11:00:00',2,'2025-11-30 20:29:21.872411',2,1,200000,'시티뷰 스위트','더블룸','2025-11-30 20:29:21.872411',31,10,5),
(723,'15:00:00','11:00:00',4,'2025-11-30 20:29:21.873005',2,1,190000,'오션 브리즈룸','트윈룸','2025-11-30 20:29:21.873005',31,10,5),
(724,'15:00:00','11:00:00',5,'2025-11-30 20:29:21.875359',2,1,120000,'프리미엄 킹룸','트리플룸','2025-11-30 20:29:21.875359',31,10,5),
(725,'15:00:00','11:00:00',10,'2025-11-30 20:29:21.876340',2,1,89000,'가든뷰 더블룸','패밀리룸','2025-11-30 20:29:21.876340',31,10,5),
(726,'15:00:00','11:00:00',1,'2025-11-30 20:29:21.877313',2,1,234000,'마운틴뷰 스위트','디럭스룸','2025-11-30 20:29:21.877313',31,10,5),
(727,'15:00:00','11:00:00',2,'2025-11-30 20:29:21.877945',2,1,256000,'이그제큐티브 퀸룸','슈페리어룸','2025-11-30 20:29:21.877945',31,10,5),
(728,'15:00:00','11:00:00',4,'2025-11-30 20:29:21.879716',2,1,159000,'로열 패밀리 스위트','프리미엄룸','2025-11-30 20:29:21.879716',31,10,5),
(729,'15:00:00','11:00:00',5,'2025-11-30 20:29:21.880270',2,1,200000,'클래식 싱글룸','스위트룸','2025-11-30 20:29:21.880270',31,10,5),
(730,'15:00:00','11:00:00',10,'2025-11-30 20:29:21.880801',2,1,190000,'슈페리어 트윈 디럭스','주니어 스위트','2025-11-30 20:29:21.880801',31,10,5),
(731,'15:00:00','11:00:00',1,'2025-11-30 20:29:21.881455',2,1,159000,'디럭스 트윈룸','싱글룸','2025-11-30 20:29:21.881455',32,10,5),
(732,'15:00:00','11:00:00',2,'2025-11-30 20:29:21.882031',2,1,200000,'시티뷰 스위트','더블룸','2025-11-30 20:29:21.882031',32,10,5),
(733,'15:00:00','11:00:00',4,'2025-11-30 20:29:21.882595',2,1,190000,'오션 브리즈룸','트윈룸','2025-11-30 20:29:21.882595',32,10,5),
(734,'15:00:00','11:00:00',5,'2025-11-30 20:29:21.883071',2,1,120000,'프리미엄 킹룸','트리플룸','2025-11-30 20:29:21.883071',32,10,5),
(735,'15:00:00','11:00:00',10,'2025-11-30 20:29:21.883522',2,1,89000,'가든뷰 더블룸','패밀리룸','2025-11-30 20:29:21.883522',32,10,5),
(736,'15:00:00','11:00:00',1,'2025-11-30 20:29:21.884057',2,1,234000,'마운틴뷰 스위트','디럭스룸','2025-11-30 20:29:21.884057',32,10,5),
(737,'15:00:00','11:00:00',2,'2025-11-30 20:29:21.884974',2,1,256000,'이그제큐티브 퀸룸','슈페리어룸','2025-11-30 20:29:21.884974',32,10,5),
(738,'15:00:00','11:00:00',4,'2025-11-30 20:29:21.885901',2,1,159000,'로열 패밀리 스위트','프리미엄룸','2025-11-30 20:29:21.885901',32,10,5),
(739,'15:00:00','11:00:00',5,'2025-11-30 20:29:21.886425',2,1,200000,'클래식 싱글룸','스위트룸','2025-11-30 20:29:21.886425',32,10,5),
(740,'15:00:00','11:00:00',10,'2025-11-30 20:29:21.886967',2,1,190000,'슈페리어 트윈 디럭스','주니어 스위트','2025-11-30 20:29:21.886967',32,10,5);
/*!40000 ALTER TABLE `own_hotel` ENABLE KEYS */;
UNLOCK TABLES;
commit;

--
-- Table structure for table `own_hotel_picture`
--

DROP TABLE IF EXISTS `own_hotel_picture`;
/*!40101 SET @saved_cs_client     = @@character_set_client */;
/*!40101 SET character_set_client = utf8mb4 */;
CREATE TABLE `own_hotel_picture` (
  `own_hotel_picture_id` bigint(20) NOT NULL AUTO_INCREMENT,
  `created_at` timestamp NULL DEFAULT NULL,
  `picutre_name` varchar(100) NOT NULL,
  `picutre_url` varchar(200) DEFAULT NULL,
  `updated_at` timestamp NULL DEFAULT NULL,
  `own_hotel_id` bigint(20) DEFAULT NULL,
  PRIMARY KEY (`own_hotel_picture_id`),
  UNIQUE KEY `UKimmcpecqv2kbkn1n937r9154y` (`picutre_name`),
  KEY `FK1vadrrnco6dk47w4ufd2qewmy` (`own_hotel_id`),
  CONSTRAINT `FK1vadrrnco6dk47w4ufd2qewmy` FOREIGN KEY (`own_hotel_id`) REFERENCES `own_hotel` (`own_hotel_id`)
) ENGINE=InnoDB DEFAULT CHARSET=utf8mb4 COLLATE=utf8mb4_uca1400_ai_ci;
/*!40101 SET character_set_client = @saved_cs_client */;

--
-- Dumping data for table `own_hotel_picture`
--

LOCK TABLES `own_hotel_picture` WRITE;
/*!40000 ALTER TABLE `own_hotel_picture` DISABLE KEYS */;
set autocommit=0;
/*!40000 ALTER TABLE `own_hotel_picture` ENABLE KEYS */;
UNLOCK TABLES;
commit;

--
-- Table structure for table `payment`
--

DROP TABLE IF EXISTS `payment`;
/*!40101 SET @saved_cs_client     = @@character_set_client */;
/*!40101 SET character_set_client = utf8mb4 */;
CREATE TABLE `payment` (
  `payment_id` bigint(20) NOT NULL AUTO_INCREMENT,
  `created_at` datetime(6) DEFAULT NULL,
  `paid` int(10) unsigned DEFAULT NULL,
  `payment_type` enum('BANK_TRANSFER','CARD','CASH','KAKAO_PAY','NAVER_PAY','TOSS') NOT NULL,
  `total` int(10) unsigned DEFAULT NULL,
  `updated_at` datetime(6) DEFAULT NULL,
  `reservation_id` bigint(20) DEFAULT NULL,
  PRIMARY KEY (`payment_id`),
  UNIQUE KEY `UK3llq7oxcs9j7vlujfdf16jmu` (`reservation_id`),
  CONSTRAINT `FKrewpj5f9v9xehy4ga8g221nw1` FOREIGN KEY (`reservation_id`) REFERENCES `reservation` (`reservation_id`)
) ENGINE=InnoDB DEFAULT CHARSET=utf8mb4 COLLATE=utf8mb4_uca1400_ai_ci;
/*!40101 SET character_set_client = @saved_cs_client */;

--
-- Dumping data for table `payment`
--

LOCK TABLES `payment` WRITE;
/*!40000 ALTER TABLE `payment` DISABLE KEYS */;
set autocommit=0;
/*!40000 ALTER TABLE `payment` ENABLE KEYS */;
UNLOCK TABLES;
commit;

--
-- Table structure for table `profile_photo`
--

DROP TABLE IF EXISTS `profile_photo`;
/*!40101 SET @saved_cs_client     = @@character_set_client */;
/*!40101 SET character_set_client = utf8mb4 */;
CREATE TABLE `profile_photo` (
  `profile_photo_id` bigint(20) NOT NULL AUTO_INCREMENT,
  `created_at` datetime(6) DEFAULT NULL,
  `photo_name` varchar(255) DEFAULT NULL,
  `photo_url` varchar(255) DEFAULT NULL,
  `updated_at` datetime(6) DEFAULT NULL,
  PRIMARY KEY (`profile_photo_id`)
) ENGINE=InnoDB AUTO_INCREMENT=5 DEFAULT CHARSET=utf8mb4 COLLATE=utf8mb4_uca1400_ai_ci;
/*!40101 SET character_set_client = @saved_cs_client */;

--
-- Dumping data for table `profile_photo`
--

LOCK TABLES `profile_photo` WRITE;
/*!40000 ALTER TABLE `profile_photo` DISABLE KEYS */;
set autocommit=0;
INSERT INTO `profile_photo` VALUES
(1,'2025-11-18 12:36:14.220972','Hello.png','/uploads/','2025-11-18 12:36:14.220972'),
(2,'2025-11-18 21:25:45.714744','Hello.png','/uploads/','2025-11-18 21:25:45.714744'),
(3,'2025-11-18 21:25:51.136517','Hello.png','/uploads/','2025-11-18 21:25:51.136517'),
(4,'2025-11-18 21:25:55.211250','Hello.png','/uploads/','2025-11-18 21:25:55.211250');
/*!40000 ALTER TABLE `profile_photo` ENABLE KEYS */;
UNLOCK TABLES;
commit;

--
-- Table structure for table `reservation`
--

DROP TABLE IF EXISTS `reservation`;
/*!40101 SET @saved_cs_client     = @@character_set_client */;
/*!40101 SET character_set_client = utf8mb4 */;
CREATE TABLE `reservation` (
  `reservation_id` bigint(20) NOT NULL AUTO_INCREMENT,
  `created_at` datetime(6) DEFAULT NULL,
  `duration` int(10) unsigned DEFAULT NULL COMMENT '숙박기간. 1이면 1박2일',
  `end_date` date DEFAULT NULL,
  `person_count` int(10) unsigned DEFAULT NULL,
  `start_date` date DEFAULT NULL,
  `updated_at` datetime(6) DEFAULT NULL,
  `hotel_id` bigint(20) DEFAULT NULL,
  `own_hotel_id` bigint(20) DEFAULT NULL,
  `user_id` bigint(20) DEFAULT NULL,
  `reserved_name` varchar(20) DEFAULT NULL,
  `reserved_phone` varchar(11) DEFAULT NULL,
  PRIMARY KEY (`reservation_id`),
  KEY `FKkrmw55mlm5an5ca5qnmrs3pbe` (`hotel_id`),
  KEY `FKw90ff2sgo0qpmyyryvqjkb0r` (`own_hotel_id`),
  KEY `FKm4oimk0l1757o9pwavorj6ljg` (`user_id`),
  CONSTRAINT `FKkrmw55mlm5an5ca5qnmrs3pbe` FOREIGN KEY (`hotel_id`) REFERENCES `hotel` (`hotel_id`),
  CONSTRAINT `FKm4oimk0l1757o9pwavorj6ljg` FOREIGN KEY (`user_id`) REFERENCES `user` (`user_id`),
  CONSTRAINT `FKw90ff2sgo0qpmyyryvqjkb0r` FOREIGN KEY (`own_hotel_id`) REFERENCES `own_hotel` (`own_hotel_id`)
) ENGINE=InnoDB AUTO_INCREMENT=20 DEFAULT CHARSET=utf8mb4 COLLATE=utf8mb4_uca1400_ai_ci;
/*!40101 SET character_set_client = @saved_cs_client */;

--
-- Dumping data for table `reservation`
--

LOCK TABLES `reservation` WRITE;
/*!40000 ALTER TABLE `reservation` DISABLE KEYS */;
set autocommit=0;
INSERT INTO `reservation` VALUES
(1,'2025-11-18 12:39:27.781370',1,'2025-11-19',1,'2025-11-18','2025-11-18 12:39:27.781370',1,1,1,NULL,NULL),
(2,'2025-11-18 12:39:41.216301',2,'2025-12-03',2,'2025-12-01','2025-11-18 12:39:41.216301',1,1,1,NULL,NULL),
(3,'2025-11-18 21:25:12.197756',2,'2025-11-22',2,'2025-11-20','2025-11-18 21:25:12.197756',1,2,1,NULL,NULL),
(4,'2025-11-18 21:26:36.995328',2,'2025-11-21',2,'2025-11-19','2025-11-18 21:26:36.995328',1,2,2,NULL,NULL),
(5,'2025-11-18 21:26:46.616886',2,'2025-11-20',2,'2025-11-18','2025-11-18 21:26:46.616886',1,2,2,NULL,NULL),
(6,'2025-11-22 22:49:44.387364',2,'2025-11-25',2,'2025-11-23','2025-11-22 22:49:44.387364',1,4,9,NULL,NULL),
(7,'2025-11-22 22:50:42.546844',2,'2025-11-25',2,'2025-11-23','2025-11-22 22:50:42.546844',1,4,7,NULL,NULL),
(8,'2025-11-22 22:53:57.441262',2,'2025-11-29',2,'2025-11-26','2025-11-22 22:53:57.441262',1,4,8,NULL,NULL),
(9,'2025-11-22 22:55:14.393491',2,'2025-11-29',2,'2025-11-27','2025-11-22 22:55:14.393491',1,4,9,NULL,NULL),
(10,'2025-11-22 22:56:04.285219',2,'2025-11-27',2,'2025-11-26','2025-11-22 22:56:04.285219',1,4,7,NULL,NULL),
(11,'2025-11-22 22:57:19.894496',2,'2025-11-28',2,'2025-11-26','2025-11-22 22:57:19.894496',1,4,7,NULL,NULL),
(12,'2025-11-22 23:12:45.038871',2,'2025-12-03',2,'2025-12-02','2025-11-22 23:12:45.038871',1,4,9,NULL,NULL),
(13,'2025-11-22 23:14:17.532721',2,'2025-12-02',2,'2025-12-01','2025-11-22 23:14:17.532721',1,4,8,NULL,NULL),
(14,'2025-12-13 19:41:33.621368',1,'2025-12-14',1,'2025-12-13','2025-12-13 19:41:33.621368',1,1,11,NULL,NULL),
(15,'2025-12-13 19:44:50.578574',1,'2025-12-14',1,'2025-12-13','2025-12-13 19:44:50.578574',2,2,11,NULL,NULL),
(16,'2025-12-13 19:45:07.787615',1,'2025-12-14',1,'2025-12-13','2025-12-13 19:45:07.787615',2,2,11,'나아닙니다','01058585858'),
(17,'2025-12-13 23:30:46.105507',1,'2025-12-14',1,'2025-12-11','2025-12-13 23:30:46.105507',3,3,11,'나아닙니다','01058585858'),
(18,'2025-12-13 23:31:03.667640',1,'2025-12-14',1,'2025-12-12','2025-12-13 23:31:03.667640',3,3,11,'나아닙니다','01058585858'),
(19,'2025-12-13 23:31:39.460130',1,'2025-12-14',1,'2025-12-13','2025-12-13 23:31:39.460130',3,3,11,'나아닙니다','01058585858');
/*!40000 ALTER TABLE `reservation` ENABLE KEYS */;
UNLOCK TABLES;
commit;

--
-- Table structure for table `review`
--

DROP TABLE IF EXISTS `review`;
/*!40101 SET @saved_cs_client     = @@character_set_client */;
/*!40101 SET character_set_client = utf8mb4 */;
CREATE TABLE `review` (
  `review_id` bigint(20) NOT NULL AUTO_INCREMENT,
  `content` varchar(20) DEFAULT NULL,
  `created_at` datetime(6) DEFAULT NULL,
  `score` double DEFAULT NULL CHECK (`score` between 0 and 5),
  `updated_at` datetime(6) DEFAULT NULL,
  `hotel_id` bigint(20) NOT NULL,
  `user_id` bigint(20) NOT NULL,
  PRIMARY KEY (`review_id`),
  KEY `FKi0ly7ivbh8ijdgoi7cwtuoavt` (`hotel_id`),
  KEY `FKiyf57dy48lyiftdrf7y87rnxi` (`user_id`),
  CONSTRAINT `FKi0ly7ivbh8ijdgoi7cwtuoavt` FOREIGN KEY (`hotel_id`) REFERENCES `hotel` (`hotel_id`),
  CONSTRAINT `FKiyf57dy48lyiftdrf7y87rnxi` FOREIGN KEY (`user_id`) REFERENCES `user` (`user_id`)
) ENGINE=InnoDB DEFAULT CHARSET=utf8mb4 COLLATE=utf8mb4_uca1400_ai_ci;
/*!40101 SET character_set_client = @saved_cs_client */;

--
-- Dumping data for table `review`
--

LOCK TABLES `review` WRITE;
/*!40000 ALTER TABLE `review` DISABLE KEYS */;
set autocommit=0;
/*!40000 ALTER TABLE `review` ENABLE KEYS */;
UNLOCK TABLES;
commit;

--
-- Table structure for table `review_picture`
--

DROP TABLE IF EXISTS `review_picture`;
/*!40101 SET @saved_cs_client     = @@character_set_client */;
/*!40101 SET character_set_client = utf8mb4 */;
CREATE TABLE `review_picture` (
  `review_picture_id` bigint(20) NOT NULL AUTO_INCREMENT,
  `created_at` datetime(6) DEFAULT NULL,
  `picture_name` varchar(20) DEFAULT NULL,
  `picture_path` varchar(20) DEFAULT NULL,
  `updated_at` datetime(6) DEFAULT NULL,
  `review_id` bigint(20) DEFAULT NULL,
  PRIMARY KEY (`review_picture_id`),
  UNIQUE KEY `UK1o1fgchu8sxn92tym6jitol3d` (`review_id`),
  CONSTRAINT `FKi05g7wnb601hm547igpdb3drm` FOREIGN KEY (`review_id`) REFERENCES `review` (`review_id`)
) ENGINE=InnoDB DEFAULT CHARSET=utf8mb4 COLLATE=utf8mb4_uca1400_ai_ci;
/*!40101 SET character_set_client = @saved_cs_client */;

--
-- Dumping data for table `review_picture`
--

LOCK TABLES `review_picture` WRITE;
/*!40000 ALTER TABLE `review_picture` DISABLE KEYS */;
set autocommit=0;
/*!40000 ALTER TABLE `review_picture` ENABLE KEYS */;
UNLOCK TABLES;
commit;

--
-- Table structure for table `review_reply`
--

DROP TABLE IF EXISTS `review_reply`;
/*!40101 SET @saved_cs_client     = @@character_set_client */;
/*!40101 SET character_set_client = utf8mb4 */;
CREATE TABLE `review_reply` (
  `review_reply_id` bigint(20) NOT NULL AUTO_INCREMENT,
  `content` varchar(50) DEFAULT NULL,
  `created_at` datetime(6) DEFAULT NULL,
  `is_del` tinyint(1) DEFAULT NULL COMMENT '삭제 여부',
  `updated_at` datetime(6) DEFAULT NULL,
  `review_id` bigint(20) DEFAULT NULL,
  PRIMARY KEY (`review_reply_id`),
  UNIQUE KEY `UK4i2wqc6vs38qe09e5bx51t4py` (`review_id`),
  CONSTRAINT `FK3mfomicwiqwm49ahq8yevep7x` FOREIGN KEY (`review_id`) REFERENCES `review` (`review_id`)
) ENGINE=InnoDB DEFAULT CHARSET=utf8mb4 COLLATE=utf8mb4_uca1400_ai_ci;
/*!40101 SET character_set_client = @saved_cs_client */;

--
-- Dumping data for table `review_reply`
--

LOCK TABLES `review_reply` WRITE;
/*!40000 ALTER TABLE `review_reply` DISABLE KEYS */;
set autocommit=0;
/*!40000 ALTER TABLE `review_reply` ENABLE KEYS */;
UNLOCK TABLES;
commit;

--
-- Table structure for table `user`
--

DROP TABLE IF EXISTS `user`;
/*!40101 SET @saved_cs_client     = @@character_set_client */;
/*!40101 SET character_set_client = utf8mb4 */;
CREATE TABLE `user` (
  `user_id` bigint(20) NOT NULL AUTO_INCREMENT,
  `created_at` datetime(6) DEFAULT NULL,
  `email` varchar(20) NOT NULL,
  `full_name` varchar(20) NOT NULL,
  `oauth_id` int(11) DEFAULT NULL,
  `password` varchar(60) NOT NULL,
  `phone` varchar(20) DEFAULT NULL,
  `role` enum('ADMIN','USER') DEFAULT NULL,
  `updated_at` datetime(6) DEFAULT NULL,
  `profile_photo_id` bigint(20) DEFAULT NULL,
  `tel` varchar(11) DEFAULT NULL,
  PRIMARY KEY (`user_id`),
  UNIQUE KEY `UKob8kqyqqgmefl0aco34akdtpe` (`email`),
  UNIQUE KEY `UKtly6h8j2nmbqa5g2pijefcn7h` (`profile_photo_id`),
  CONSTRAINT `FK64ywt2yovl34v04jvgm0dm8fq` FOREIGN KEY (`profile_photo_id`) REFERENCES `profile_photo` (`profile_photo_id`)
) ENGINE=InnoDB AUTO_INCREMENT=14 DEFAULT CHARSET=utf8mb4 COLLATE=utf8mb4_uca1400_ai_ci;
/*!40101 SET character_set_client = @saved_cs_client */;

--
-- Dumping data for table `user`
--

LOCK TABLES `user` WRITE;
/*!40000 ALTER TABLE `user` DISABLE KEYS */;
set autocommit=0;
INSERT INTO `user` VALUES
(1,'2025-11-18 12:36:14.215420','kevin11@naver.com','LEEDONGHOON',0,'1234','01090792211','USER','2025-11-18 12:36:14.215420',1,NULL),
(2,'2025-11-18 21:25:45.709061','kevin43@naver.com','LEEDONGHOON',0,'1234','01090792243','USER','2025-11-18 21:25:45.709061',2,NULL),
(3,'2025-11-18 21:25:51.129853','kevin48@naver.com','LEEDONGHOON',0,'1234','01090792248','USER','2025-11-18 21:25:51.129853',3,NULL),
(4,'2025-11-18 21:25:55.206420','kevin52@naver.com','LEEDONGHOON',0,'1234','01090792252','USER','2025-11-18 21:25:55.206420',4,NULL),
(5,'2025-11-22 21:15:56.819786','tom54@naver.com','LEEDONGHOON54',0,'1234','01090792222','USER','2025-11-22 21:15:56.819786',NULL,NULL),
(6,'2025-11-22 21:16:29.838776','tom27@naver.com','LEEDONGHOON27',0,'1234','01090792222','USER','2025-11-22 21:16:29.838776',NULL,NULL),
(7,'2025-11-22 21:18:04.178911','병현1@naver.com','남병현1',0,'1234','0105555551','USER','2025-11-22 21:18:04.178911',NULL,NULL),
(8,'2025-11-22 21:18:20.570746','명수18@naver.com','서명수18',0,'1234','01055555518','USER','2025-11-22 21:18:20.570746',NULL,NULL),
(9,'2025-11-22 21:18:39.964584','동훈37@naver.com','이동훈37',0,'1234','01055555537','USER','2025-11-22 21:18:39.964584',NULL,NULL),
(10,'2025-11-24 22:36:08.749628','test@naver.com','testUser',0,'$2a$10$odpBaD5NMZlyiOYPs2fNmOqRvQ.oFBI3KdmVx/gytf1vhZk75xcJi',NULL,'USER','2025-11-24 22:36:08.749628',NULL,NULL),
(11,'2025-12-02 23:38:50.327187','tom12@naver.com','tomhoon',0,'$2a$10$b6/LsZEOM9uenNmlp/t9q.mY.fnoiDmdzd.yFQKz1rXEtlIhqxm1i',NULL,'USER','2025-12-02 23:38:50.327187',NULL,NULL),
(12,'2025-12-13 18:57:36.867780','test1213@naver.com','남병현',0,'$2a$10$SF3vKA8KEfnwbHKQNR818umvDjp7MGoTkLDNG0G/Ey79iiCpgDxVi','01055555534','USER','2025-12-13 18:57:36.867780',NULL,NULL),
(13,'2026-01-11 21:49:40.599080','gnsdl9079@gmail.com','tomhoon',0,'$2a$10$W7WAuDyhogxLdHL/n2/TKOOJbJSvXo3M5kTymVqiJ7RBr0qP2tesO',NULL,'USER','2026-01-11 21:49:40.599080',NULL,NULL);
/*!40000 ALTER TABLE `user` ENABLE KEYS */;
UNLOCK TABLES;
commit;

--
-- Table structure for table `users`
--

DROP TABLE IF EXISTS `users`;
/*!40101 SET @saved_cs_client     = @@character_set_client */;
/*!40101 SET character_set_client = utf8mb4 */;
CREATE TABLE `users` (
  `user_id` bigint(20) NOT NULL AUTO_INCREMENT,
  `location` varchar(255) NOT NULL,
  `username` varchar(100) NOT NULL,
  `phone` varchar(20) NOT NULL,
  `email` varchar(255) NOT NULL,
  `password_hash` varchar(255) NOT NULL,
  `status` varchar(20) NOT NULL DEFAULT 'active',
  `role` varchar(20) NOT NULL DEFAULT 'user',
  `created_at` datetime DEFAULT current_timestamp(),
  `updated_at` datetime DEFAULT current_timestamp() ON UPDATE current_timestamp(),
  PRIMARY KEY (`user_id`)
) ENGINE=InnoDB DEFAULT CHARSET=utf8mb4 COLLATE=utf8mb4_uca1400_ai_ci;
/*!40101 SET character_set_client = @saved_cs_client */;

--
-- Dumping data for table `users`
--

LOCK TABLES `users` WRITE;
/*!40000 ALTER TABLE `users` DISABLE KEYS */;
set autocommit=0;
/*!40000 ALTER TABLE `users` ENABLE KEYS */;
UNLOCK TABLES;
commit;
/*!40103 SET TIME_ZONE=@OLD_TIME_ZONE */;

/*!40101 SET SQL_MODE=@OLD_SQL_MODE */;
/*!40014 SET FOREIGN_KEY_CHECKS=@OLD_FOREIGN_KEY_CHECKS */;
/*!40014 SET UNIQUE_CHECKS=@OLD_UNIQUE_CHECKS */;
/*!40101 SET CHARACTER_SET_CLIENT=@OLD_CHARACTER_SET_CLIENT */;
/*!40101 SET CHARACTER_SET_RESULTS=@OLD_CHARACTER_SET_RESULTS */;
/*!40101 SET COLLATION_CONNECTION=@OLD_COLLATION_CONNECTION */;
/*M!100616 SET NOTE_VERBOSITY=@OLD_NOTE_VERBOSITY */;

-- Dump completed on 2026-02-08 21:43:27
